PLATE_ID,TIME_PT,HRS_INOC,SAMPLE,NiTREAT,REP,OD600,OD600_BLK,A618,A618_BLK,A595,A595_BLK,CFU_ct,CFU_ml,logCFU_ml,CFU_ox,DisNi,DisMn,Ni.rem,Mn.rem
T0,0,0.3,L100_Ni0_T0,0,A,0.039,0.002,,,,,,,,,0.086,4.659,,
T0,0,0.3,L100_Ni0_T0,0,B,0.039,0.002,,,,,,,,,0.064,5.074,,
T0,0,0.3,L100_Ni0_T0,0,C,0.038,0.001,,,,,,,,,0.061,4.908,,
T0,0,0.3,L100_Ni0_T0,0,D,0.039,0.002,0.052,-0.003,0.23,0.002,,,,,,,,
T0,0,0.3,L100_Ni0_T0,0,E,0.039,0.002,0.052,-0.003,0.227,-0.001,,,,,,,,
T0,0,0.3,L100_Ni0_T0,0,F,0.039,0.002,0.053,-0.002,0.226,-0.002,,,,,,,,
T0,0,0.3,L100_Ni5_T0,5,A,0.04,0.003,,,,,,,,,0.309,4.942,,
T0,0,0.3,L100_Ni5_T0,5,B,0.04,0.003,,,,,,,,,0.306,4.847,,
T0,0,0.3,L100_Ni5_T0,5,C,0.039,0.002,,,,,,,,,0.3,4.698,,
T0,0,0.3,L100_Ni5_T0,5,D,0.04,0.003,0.052,-0.001,0.231,0.001,,,,,,,,
T0,0,0.3,L100_Ni5_T0,5,E,0.039,0.002,0.056,0.004,0.224,-0.006,,,,,,,,
T0,0,0.3,L100_Ni5_T0,5,F,0.04,0.003,0.052,-0.001,0.224,-0.006,,,,,,,,
T0,0,0.3,L100_Ni10_T0,10,A,0.04,0.002,,,,,,,,,0.592,4.965,,
T0,0,0.3,L100_Ni10_T0,10,B,0.041,0.003,,,,,,,,,0.581,4.77,,
T0,0,0.3,L100_Ni10_T0,10,C,0.04,0.002,,,,,,,,,0.573,4.924,,
T0,0,0.3,L100_Ni10_T0,10,D,0.041,0.003,0.053,0,0.234,0.007,,,,,,,,
T0,0,0.3,L100_Ni10_T0,10,E,0.042,0.004,0.051,-0.002,0.224,-0.003,,,,,,,,
T0,0,0.3,L100_Ni10_T0,10,F,0.04,0.002,0.052,-0.001,0.225,-0.002,,,,,,,,
T0,0,0.3,L100_Ni25_T0,25,A,0.04,0.001,,,,,,,,,1.404,4.99,,
T0,0,0.3,L100_Ni25_T0,25,B,0.042,0.003,,,,,,,,,1.377,4.885,,
T0,0,0.3,L100_Ni25_T0,25,C,0.04,0.001,,,,,,,,,1.378,4.949,,
T0,0,0.3,L100_Ni25_T0,25,D,0.042,0.003,0.053,0,0.231,0,,,,,,,,
T0,0,0.3,L100_Ni25_T0,25,E,0.04,0.001,0.052,-0.001,0.221,-0.01,,,,,,,,
T0,0,0.3,L100_Ni25_T0,25,F,0.041,0.002,0.052,-0.001,0.227,-0.004,,,,,,,,
T0,0,0.3,L100_Ni50_T0,50,A,0.043,0.003,,,,,,,,,2.517,4.851,,
T0,0,0.3,L100_Ni50_T0,50,B,0.044,0.004,,,,,,,,,2.557,4.926,,
T0,0,0.3,L100_Ni50_T0,50,C,0.054,0.014,,,,,,,,,2.472,4.795,,
T0,0,0.3,L100_Ni50_T0,50,D,0.044,0.004,0.053,0,0.23,0.002,,,,,,,,
T0,0,0.3,L100_Ni50_T0,50,E,0.043,0.003,0.052,-0.001,0.223,-0.006,,,,,,,,
T0,0,0.3,L100_Ni50_T0,50,F,0.043,0.003,0.052,-0.001,0.224,-0.005,,,,,,,,
T0,0,0.3,L100_Ni75_T0,75,A,0.044,0.003,,,,,,,,,3.701,4.905,,
T0,0,0.3,L100_Ni75_T0,75,B,0.045,0.004,,,,,,,,,3.685,4.858,,
T0,0,0.3,L100_Ni75_T0,75,C,0.047,0.006,,,,,,,,,3.646,4.862,,
T0,0,0.3,L100_Ni75_T0,75,D,0.045,0.004,0.052,-0.001,0.228,-0.001,,,,,,,,
T0,0,0.3,L100_Ni75_T0,75,E,0.046,0.005,0.051,-0.002,0.218,-0.011,,,,,,,,
T0,0,0.3,L100_Ni75_T0,75,F,0.045,0.004,0.052,-0.001,0.226,-0.003,,,,,,,,
T0,0,0.3,L100_Ni125_T0,125,A,0.048,0.006,,,,,,,,,6.473,4.919,,
T0,0,0.3,L100_Ni125_T0,125,B,0.054,0.012,,,,,,,,,6.51,4.955,,
T0,0,0.3,L100_Ni125_T0,125,C,0.045,0.003,,,,,,,,,6.63,5.043,,
T0,0,0.3,L100_Ni125_T0,125,D,0.045,0.003,0.051,-0.001,0.228,-0.001,,,,,,,,
T0,0,0.3,L100_Ni125_T0,125,E,0.054,0.012,0.051,-0.001,0.215,-0.014,,,,,,,,
T0,0,0.3,L100_Ni125_T0,125,F,0.051,0.009,0.051,-0.001,0.228,-0.001,,,,,,,,
T0,0,0.3,L100_Ni250_T0,250,A,0.047,0.004,,,,,,,,,12.64,4.715,,
T0,0,0.3,L100_Ni250_T0,250,B,0.064,0.021,,,,,,,,,12.356,4.624,,
T0,0,0.3,L100_Ni250_T0,250,C,0.046,0.003,,,,,,,,,13.118,4.94,,
T0,0,0.3,L100_Ni250_T0,250,D,0.05,0.007,0.052,-0.001,0.229,0.003,,,,,,,,
T0,0,0.3,L100_Ni250_T0,250,E,0.047,0.004,0.052,-0.001,0.224,-0.002,,,,,,,,
T0,0,0.3,L100_Ni250_T0,250,F,0.055,0.012,0.053,0,0.226,0,,,,,,,,
T2,2,2.2,L100_Ni0_T2,0,A,0.041,0.004,,,,,,,,,,,,
T2,2,2.2,L100_Ni0_T2,0,B,0.041,0.004,,,,,,,,,,,,
T2,2,2.2,L100_Ni0_T2,0,C,0.041,0.004,,,,,,,,,,,,
T2,2,2.2,L100_Ni0_T2,0,D,0.041,0.004,,,,,,,,,,,,
T2,2,2.2,L100_Ni0_T2,0,E,0.041,0.004,,,,,,,,,,,,
T2,2,2.2,L100_Ni0_T2,0,F,0.042,0.005,,,,,,,,,,,,
T2,2,2.2,L100_Ni5_T2,5,A,0.041,0.004,,,,,,,,,,,,
T2,2,2.2,L100_Ni5_T2,5,B,0.041,0.004,,,,,,,,,,,,
T2,2,2.2,L100_Ni5_T2,5,C,0.041,0.004,,,,,,,,,,,,
T2,2,2.2,L100_Ni5_T2,5,D,0.042,0.005,,,,,,,,,,,,
T2,2,2.2,L100_Ni5_T2,5,E,0.041,0.004,,,,,,,,,,,,
T2,2,2.2,L100_Ni5_T2,5,F,0.042,0.005,,,,,,,,,,,,
T2,2,2.2,L100_Ni10_T2,10,A,0.042,0.004,,,,,,,,,,,,
T2,2,2.2,L100_Ni10_T2,10,B,0.043,0.005,,,,,,,,,,,,
T2,2,2.2,L100_Ni10_T2,10,C,0.041,0.003,,,,,,,,,,,,
T2,2,2.2,L100_Ni10_T2,10,D,0.043,0.005,,,,,,,,,,,,
T2,2,2.2,L100_Ni10_T2,10,E,0.043,0.005,,,,,,,,,,,,
T2,2,2.2,L100_Ni10_T2,10,F,0.042,0.004,,,,,,,,,,,,
T2,2,2.2,L100_Ni25_T2,25,A,0.043,0.004,,,,,,,,,,,,
T2,2,2.2,L100_Ni25_T2,25,B,0.044,0.005,,,,,,,,,,,,
T2,2,2.2,L100_Ni25_T2,25,C,0.043,0.004,,,,,,,,,,,,
T2,2,2.2,L100_Ni25_T2,25,D,0.044,0.005,,,,,,,,,,,,
T2,2,2.2,L100_Ni25_T2,25,E,0.043,0.004,,,,,,,,,,,,
T2,2,2.2,L100_Ni25_T2,25,F,0.043,0.004,,,,,,,,,,,,
T2,2,2.2,L100_Ni50_T2,50,A,0.046,0.006,,,,,,,,,,,,
T2,2,2.2,L100_Ni50_T2,50,B,0.047,0.007,,,,,,,,,,,,
T2,2,2.2,L100_Ni50_T2,50,C,0.046,0.006,,,,,,,,,,,,
T2,2,2.2,L100_Ni50_T2,50,D,0.046,0.006,,,,,,,,,,,,
T2,2,2.2,L100_Ni50_T2,50,E,0.046,0.006,,,,,,,,,,,,
T2,2,2.2,L100_Ni50_T2,50,F,0.046,0.006,,,,,,,,,,,,
T2,2,2.2,L100_Ni75_T2,75,A,0.047,0.006,,,,,,,,,,,,
T2,2,2.2,L100_Ni75_T2,75,B,0.048,0.007,,,,,,,,,,,,
T2,2,2.2,L100_Ni75_T2,75,C,0.047,0.006,,,,,,,,,,,,
T2,2,2.2,L100_Ni75_T2,75,D,0.047,0.006,,,,,,,,,,,,
T2,2,2.2,L100_Ni75_T2,75,E,0.047,0.006,,,,,,,,,,,,
T2,2,2.2,L100_Ni75_T2,75,F,0.048,0.007,,,,,,,,,,,,
T2,2,2.2,L100_Ni125_T2,125,A,0.048,0.006,,,,,,,,,,,,
T2,2,2.2,L100_Ni125_T2,125,B,0.049,0.007,,,,,,,,,,,,
T2,2,2.2,L100_Ni125_T2,125,C,0.047,0.005,,,,,,,,,,,,
T2,2,2.2,L100_Ni125_T2,125,D,0.048,0.006,,,,,,,,,,,,
T2,2,2.2,L100_Ni125_T2,125,E,0.047,0.005,,,,,,,,,,,,
T2,2,2.2,L100_Ni125_T2,125,F,0.048,0.006,,,,,,,,,,,,
T2,2,2.2,L100_Ni250_T2,250,A,0.047,0.004,,,,,,,,,,,,
T2,2,2.2,L100_Ni250_T2,250,B,0.047,0.004,,,,,,,,,,,,
T2,2,2.2,L100_Ni250_T2,250,C,0.047,0.004,,,,,,,,,,,,
T2,2,2.2,L100_Ni250_T2,250,D,0.046,0.003,,,,,,,,,,,,
T2,2,2.2,L100_Ni250_T2,250,E,0.049,0.006,,,,,,,,,,,,
T2,2,2.2,L100_Ni250_T2,250,F,0.046,0.003,,,,,,,,,,,,
T3,3,3.3,L100_Ni0_T3,0,A,0.047,0.01,,,,,,,,,,,,
T3,3,3.3,L100_Ni0_T3,0,B,0.049,0.012,,,,,,,,,,,,
T3,3,3.3,L100_Ni0_T3,0,C,0.047,0.01,,,,,,,,,,,,
T3,3,3.3,L100_Ni0_T3,0,D,0.047,0.01,,,,,,,,,,,,
T3,3,3.3,L100_Ni0_T3,0,E,0.048,0.011,,,,,,,,,,,,
T3,3,3.3,L100_Ni0_T3,0,F,0.048,0.011,,,,,,,,,,,,
T3,3,3.3,L100_Ni5_T3,5,A,0.047,0.01,,,,,,,,,,,,
T3,3,3.3,L100_Ni5_T3,5,B,0.047,0.01,,,,,,,,,,,,
T3,3,3.3,L100_Ni5_T3,5,C,0.047,0.01,,,,,,,,,,,,
T3,3,3.3,L100_Ni5_T3,5,D,0.048,0.011,,,,,,,,,,,,
T3,3,3.3,L100_Ni5_T3,5,E,0.046,0.009,,,,,,,,,,,,
T3,3,3.3,L100_Ni5_T3,5,F,0.047,0.01,,,,,,,,,,,,
T3,3,3.3,L100_Ni10_T3,10,A,0.047,0.009,,,,,,,,,,,,
T3,3,3.3,L100_Ni10_T3,10,B,0.048,0.01,,,,,,,,,,,,
T3,3,3.3,L100_Ni10_T3,10,C,0.047,0.009,,,,,,,,,,,,
T3,3,3.3,L100_Ni10_T3,10,D,0.049,0.011,,,,,,,,,,,,
T3,3,3.3,L100_Ni10_T3,10,E,0.047,0.009,,,,,,,,,,,,
T3,3,3.3,L100_Ni10_T3,10,F,0.048,0.01,,,,,,,,,,,,
T3,3,3.3,L100_Ni25_T3,25,A,0.048,0.009,,,,,,,,,,,,
T3,3,3.3,L100_Ni25_T3,25,B,0.05,0.011,,,,,,,,,,,,
T3,3,3.3,L100_Ni25_T3,25,C,0.049,0.01,,,,,,,,,,,,
T3,3,3.3,L100_Ni25_T3,25,D,0.049,0.01,,,,,,,,,,,,
T3,3,3.3,L100_Ni25_T3,25,E,0.049,0.01,,,,,,,,,,,,
T3,3,3.3,L100_Ni25_T3,25,F,0.05,0.011,,,,,,,,,,,,
T3,3,3.3,L100_Ni50_T3,50,A,0.055,0.015,,,,,,,,,,,,
T3,3,3.3,L100_Ni50_T3,50,B,0.055,0.015,,,,,,,,,,,,
T3,3,3.3,L100_Ni50_T3,50,C,0.057,0.017,,,,,,,,,,,,
T3,3,3.3,L100_Ni50_T3,50,D,0.055,0.015,,,,,,,,,,,,
T3,3,3.3,L100_Ni50_T3,50,E,0.056,0.016,,,,,,,,,,,,
T3,3,3.3,L100_Ni50_T3,50,F,0.055,0.015,,,,,,,,,,,,
T3,3,3.3,L100_Ni75_T3,75,A,0.056,0.015,,,,,,,,,,,,
T3,3,3.3,L100_Ni75_T3,75,B,0.056,0.015,,,,,,,,,,,,
T3,3,3.3,L100_Ni75_T3,75,C,0.056,0.015,,,,,,,,,,,,
T3,3,3.3,L100_Ni75_T3,75,D,0.055,0.014,,,,,,,,,,,,
T3,3,3.3,L100_Ni75_T3,75,E,0.055,0.014,,,,,,,,,,,,
T3,3,3.3,L100_Ni75_T3,75,F,0.057,0.016,,,,,,,,,,,,
T3,3,3.3,L100_Ni125_T3,125,A,0.054,0.012,,,,,,,,,,,,
T3,3,3.3,L100_Ni125_T3,125,B,0.054,0.012,,,,,,,,,,,,
T3,3,3.3,L100_Ni125_T3,125,C,0.053,0.011,,,,,,,,,,,,
T3,3,3.3,L100_Ni125_T3,125,D,0.054,0.012,,,,,,,,,,,,
T3,3,3.3,L100_Ni125_T3,125,E,0.053,0.011,,,,,,,,,,,,
T3,3,3.3,L100_Ni125_T3,125,F,0.054,0.012,,,,,,,,,,,,
T3,3,3.3,L100_Ni250_T3,250,A,0.048,0.005,,,,,,,,,,,,
T3,3,3.3,L100_Ni250_T3,250,B,0.048,0.005,,,,,,,,,,,,
T3,3,3.3,L100_Ni250_T3,250,C,0.048,0.005,,,,,,,,,,,,
T3,3,3.3,L100_Ni250_T3,250,D,0.048,0.005,,,,,,,,,,,,
T3,3,3.3,L100_Ni250_T3,250,E,0.049,0.006,,,,,,,,,,,,
T3,3,3.3,L100_Ni250_T3,250,F,0.047,0.004,,,,,,,,,,,,
T4,4,4.4,L100_Ni0_T4,0,A,0.05,0.013,,,,,,,,,0.154,4.594,-80,1
T4,4,4.4,L100_Ni0_T4,0,B,0.053,0.016,,,,,,,,,0.157,4.971,-143,2
T4,4,4.4,L100_Ni0_T4,0,C,0.056,0.019,,,,,,,,,2.266,4.844,-3423,5
T4,4,4.4,L100_Ni0_T4,0,D,0.053,0.016,0.052,-0.003,0.225,-0.003,,,,,,,,
T4,4,4.4,L100_Ni0_T4,0,E,0.053,0.016,0.052,-0.003,0.232,0.004,,,,,,,,
T4,4,4.4,L100_Ni0_T4,0,F,0.059,0.022,0.053,-0.002,0.229,0.001,,,,,,,,
T4,4,4.4,L100_Ni5_T4,5,A,0.049,0.012,,,,,,,,,0.641,4.881,-107,1
T4,4,4.4,L100_Ni5_T4,5,B,0.05,0.013,,,,,,,,,0.405,4.94,-33,-2
T4,4,4.4,L100_Ni5_T4,5,C,0.05,0.013,,,,,,,,,0.388,4.602,-30,2
T4,4,4.4,L100_Ni5_T4,5,D,0.051,0.014,0.052,-0.001,0.228,-0.002,,,,,,,,
T4,4,4.4,L100_Ni5_T4,5,E,0.049,0.012,0.052,-0.001,0.226,-0.004,,,,,,,,
T4,4,4.4,L100_Ni5_T4,5,F,0.05,0.013,0.052,-0.001,0.225,-0.005,,,,,,,,
T4,4,4.4,L100_Ni10_T4,10,A,0.049,0.011,,,,,,,,,0.665,4.771,-12,4
T4,4,4.4,L100_Ni10_T4,10,B,0.05,0.012,,,,,,,,,0.674,4.769,-16,0
T4,4,4.4,L100_Ni10_T4,10,C,0.049,0.011,,,,,,,,,0.702,4.913,-22,0
T4,4,4.4,L100_Ni10_T4,10,D,0.051,0.013,0.052,-0.001,0.237,0.01,,,,,,,,
T4,4,4.4,L100_Ni10_T4,10,E,0.051,0.013,0.052,-0.001,0.223,-0.004,,,,,,,,
T4,4,4.4,L100_Ni10_T4,10,F,0.051,0.013,0.052,-0.001,0.229,0.002,,,,,,,,
T4,4,4.4,L100_Ni25_T4,25,A,0.051,0.012,,,,,,,,,1.466,4.887,-4,2
T4,4,4.4,L100_Ni25_T4,25,B,0.052,0.013,,,,,,,,,1.455,4.802,-6,2
T4,4,4.4,L100_Ni25_T4,25,C,0.049,0.01,,,,,,,,,1.433,4.712,-4,5
T4,4,4.4,L100_Ni25_T4,25,D,0.051,0.012,0.053,0,0.228,-0.003,,,,,,,,
T4,4,4.4,L100_Ni25_T4,25,E,0.051,0.012,0.052,-0.001,0.226,-0.005,,,,,,,,
T4,4,4.4,L100_Ni25_T4,25,F,0.051,0.012,0.052,-0.001,0.227,-0.004,,,,,,,,
T4,4,4.4,L100_Ni50_T4,50,A,0.064,0.024,,,,,,,,,2.581,4.822,-3,1
T4,4,4.4,L100_Ni50_T4,50,B,0.065,0.025,,,,,,,,,2.554,4.769,0,3
T4,4,4.4,L100_Ni50_T4,50,C,0.065,0.025,,,,,,,,,2.588,4.823,-5,-1
T4,4,4.4,L100_Ni50_T4,50,D,0.064,0.024,0.053,0,0.239,0.011,,,,,,,,
T4,4,4.4,L100_Ni50_T4,50,E,0.062,0.022,0.053,0,0.228,-0.001,,,,,,,,
T4,4,4.4,L100_Ni50_T4,50,F,0.063,0.023,0.052,-0.001,0.232,0.004,,,,,,,,
T4,4,4.4,L100_Ni75_T4,75,A,0.06,0.019,,,,,,,,,3.816,4.895,-3,0
T4,4,4.4,L100_Ni75_T4,75,B,0.06,0.019,,,,,,,,,3.738,4.824,-1,1
T4,4,4.4,L100_Ni75_T4,75,C,0.06,0.019,,,,,,,,,3.778,4.87,-4,0
T4,4,4.4,L100_Ni75_T4,75,D,0.06,0.019,0.052,-0.001,0.23,0.001,,,,,,,,
T4,4,4.4,L100_Ni75_T4,75,E,0.06,0.019,0.052,-0.001,0.234,0.005,,,,,,,,
T4,4,4.4,L100_Ni75_T4,75,F,0.059,0.018,0.052,-0.001,0.231,0.002,,,,,,,,
T4,4,4.4,L100_Ni125_T4,125,A,0.056,0.014,,,,,,,,,6.625,4.917,-2,0
T4,4,4.4,L100_Ni125_T4,125,B,0.056,0.014,,,,,,,,,6.438,4.847,1,2
T4,4,4.4,L100_Ni125_T4,125,C,0.056,0.014,,,,,,,,,6.469,4.852,2,4
T4,4,4.4,L100_Ni125_T4,125,D,0.055,0.013,0.052,0,0.232,0.004,,,,,,,,
T4,4,4.4,L100_Ni125_T4,125,E,0.055,0.013,0.053,0.001,0.234,0.006,,,,,,,,
T4,4,4.4,L100_Ni125_T4,125,F,0.055,0.013,0.052,0,0.247,0.019,,,,,,,,
T4,4,4.4,L100_Ni250_T4,250,A,0.049,0.006,,,,,,,,,13.312,4.941,-5,-5
T4,4,4.4,L100_Ni250_T4,250,B,0.048,0.005,,,,,,,,,13.068,4.825,-6,-4
T4,4,4.4,L100_Ni250_T4,250,C,0.048,0.005,,,,,,,,,13.192,4.868,-1,1
T4,4,4.4,L100_Ni250_T4,250,D,0.047,0.004,0.053,0,0.226,0,,,,,,,,
T4,4,4.4,L100_Ni250_T4,250,E,0.047,0.004,0.055,0.002,0.226,0,,,,,,,,
T4,4,4.4,L100_Ni250_T4,250,F,0.047,0.004,0.052,-0.001,0.216,-0.01,,,,,,,,
T5,5,5.3,L100_Ni0_T5,0,A,0.115,0.078,,,,,,,,,,,,
T5,5,5.3,L100_Ni0_T5,0,B,0.11,0.073,,,,,,,,,,,,
T5,5,5.3,L100_Ni0_T5,0,C,0.107,0.07,,,,,,,,,,,,
T5,5,5.3,L100_Ni0_T5,0,D,0.11,0.073,,,,,,,,,,,,
T5,5,5.3,L100_Ni0_T5,0,E,0.109,0.072,,,,,,,,,,,,
T5,5,5.3,L100_Ni0_T5,0,F,0.116,0.079,,,,,,,,,,,,
T5,5,5.3,L100_Ni5_T5,5,A,0.099,0.062,,,,,,,,,,,,
T5,5,5.3,L100_Ni5_T5,5,B,0.093,0.056,,,,,,,,,,,,
T5,5,5.3,L100_Ni5_T5,5,C,0.092,0.055,,,,,,,,,,,,
T5,5,5.3,L100_Ni5_T5,5,D,0.099,0.062,,,,,,,,,,,,
T5,5,5.3,L100_Ni5_T5,5,E,0.098,0.061,,,,,,,,,,,,
T5,5,5.3,L100_Ni5_T5,5,F,0.104,0.067,,,,,,,,,,,,
T5,5,5.3,L100_Ni10_T5,10,A,0.095,0.057,,,,,,,,,,,,
T5,5,5.3,L100_Ni10_T5,10,B,0.089,0.051,,,,,,,,,,,,
T5,5,5.3,L100_Ni10_T5,10,C,0.091,0.053,,,,,,,,,,,,
T5,5,5.3,L100_Ni10_T5,10,D,0.095,0.057,,,,,,,,,,,,
T5,5,5.3,L100_Ni10_T5,10,E,0.098,0.06,,,,,,,,,,,,
T5,5,5.3,L100_Ni10_T5,10,F,0.103,0.065,,,,,,,,,,,,
T5,5,5.3,L100_Ni25_T5,25,A,0.096,0.057,,,,,,,,,,,,
T5,5,5.3,L100_Ni25_T5,25,B,0.092,0.053,,,,,,,,,,,,
T5,5,5.3,L100_Ni25_T5,25,C,0.093,0.054,,,,,,,,,,,,
T5,5,5.3,L100_Ni25_T5,25,D,0.092,0.053,,,,,,,,,,,,
T5,5,5.3,L100_Ni25_T5,25,E,0.093,0.054,,,,,,,,,,,,
T5,5,5.3,L100_Ni25_T5,25,F,0.112,0.073,,,,,,,,,,,,
T5,5,5.3,L100_Ni50_T5,50,A,0.098,0.058,,,,,,,,,,,,
T5,5,5.3,L100_Ni50_T5,50,B,0.096,0.056,,,,,,,,,,,,
T5,5,5.3,L100_Ni50_T5,50,C,0.092,0.052,,,,,,,,,,,,
T5,5,5.3,L100_Ni50_T5,50,D,0.085,0.045,,,,,,,,,,,,
T5,5,5.3,L100_Ni50_T5,50,E,0.087,0.047,,,,,,,,,,,,
T5,5,5.3,L100_Ni50_T5,50,F,0.109,0.069,,,,,,,,,,,,
T5,5,5.3,L100_Ni75_T5,75,A,0.095,0.054,,,,,,,,,,,,
T5,5,5.3,L100_Ni75_T5,75,B,0.095,0.054,,,,,,,,,,,,
T5,5,5.3,L100_Ni75_T5,75,C,0.085,0.044,,,,,,,,,,,,
T5,5,5.3,L100_Ni75_T5,75,D,0.086,0.045,,,,,,,,,,,,
T5,5,5.3,L100_Ni75_T5,75,E,0.085,0.044,,,,,,,,,,,,
T5,5,5.3,L100_Ni75_T5,75,F,0.101,0.06,,,,,,,,,,,,
T5,5,5.3,L100_Ni125_T5,125,A,0.066,0.024,,,,,,,,,,,,
T5,5,5.3,L100_Ni125_T5,125,B,0.066,0.024,,,,,,,,,,,,
T5,5,5.3,L100_Ni125_T5,125,C,0.067,0.025,,,,,,,,,,,,
T5,5,5.3,L100_Ni125_T5,125,D,0.068,0.026,,,,,,,,,,,,
T5,5,5.3,L100_Ni125_T5,125,E,0.067,0.025,,,,,,,,,,,,
T5,5,5.3,L100_Ni125_T5,125,F,0.066,0.024,,,,,,,,,,,,
T5,5,5.3,L100_Ni250_T5,250,A,0.049,0.006,,,,,,,,,,,,
T5,5,5.3,L100_Ni250_T5,250,B,0.049,0.006,,,,,,,,,,,,
T5,5,5.3,L100_Ni250_T5,250,C,0.049,0.006,,,,,,,,,,,,
T5,5,5.3,L100_Ni250_T5,250,D,0.049,0.006,,,,,,,,,,,,
T5,5,5.3,L100_Ni250_T5,250,E,0.051,0.008,,,,,,,,,,,,
T5,5,5.3,L100_Ni250_T5,250,F,0.048,0.005,,,,,,,,,,,,
T6,6,6.1,L100_Ni0_T6,0,A,0.113,0.076,,,,,,,,,,,,
T6,6,6.1,L100_Ni0_T6,0,B,0.104,0.067,,,,,,,,,,,,
T6,6,6.1,L100_Ni0_T6,0,C,0.104,0.067,,,,,,,,,,,,
T6,6,6.1,L100_Ni0_T6,0,D,0.107,0.07,,,,,,,,,,,,
T6,6,6.1,L100_Ni0_T6,0,E,0.108,0.071,,,,,,,,,,,,
T6,6,6.1,L100_Ni0_T6,0,F,0.125,0.088,,,,,,,,,,,,
T6,6,6.1,L100_Ni5_T6,5,A,0.098,0.061,,,,,,,,,,,,
T6,6,6.1,L100_Ni5_T6,5,B,0.094,0.057,,,,,,,,,,,,
T6,6,6.1,L100_Ni5_T6,5,C,0.087,0.05,,,,,,,,,,,,
T6,6,6.1,L100_Ni5_T6,5,D,0.091,0.054,,,,,,,,,,,,
T6,6,6.1,L100_Ni5_T6,5,E,0.092,0.055,,,,,,,,,,,,
T6,6,6.1,L100_Ni5_T6,5,F,0.105,0.068,,,,,,,,,,,,
T6,6,6.1,L100_Ni10_T6,10,A,0.095,0.057,,,,,,,,,,,,
T6,6,6.1,L100_Ni10_T6,10,B,0.091,0.053,,,,,,,,,,,,
T6,6,6.1,L100_Ni10_T6,10,C,0.08,0.042,,,,,,,,,,,,
T6,6,6.1,L100_Ni10_T6,10,D,0.088,0.05,,,,,,,,,,,,
T6,6,6.1,L100_Ni10_T6,10,E,0.086,0.048,,,,,,,,,,,,
T6,6,6.1,L100_Ni10_T6,10,F,0.111,0.073,,,,,,,,,,,,
T6,6,6.1,L100_Ni25_T6,25,A,0.107,0.068,,,,,,,,,,,,
T6,6,6.1,L100_Ni25_T6,25,B,0.094,0.055,,,,,,,,,,,,
T6,6,6.1,L100_Ni25_T6,25,C,0.083,0.044,,,,,,,,,,,,
T6,6,6.1,L100_Ni25_T6,25,D,0.084,0.045,,,,,,,,,,,,
T6,6,6.1,L100_Ni25_T6,25,E,0.082,0.043,,,,,,,,,,,,
T6,6,6.1,L100_Ni25_T6,25,F,0.11,0.071,,,,,,,,,,,,
T6,6,6.1,L100_Ni50_T6,50,A,0.096,0.056,,,,,,,,,,,,
T6,6,6.1,L100_Ni50_T6,50,B,0.085,0.045,,,,,,,,,,,,
T6,6,6.1,L100_Ni50_T6,50,C,0.08,0.04,,,,,,,,,,,,
T6,6,6.1,L100_Ni50_T6,50,D,0.074,0.034,,,,,,,,,,,,
T6,6,6.1,L100_Ni50_T6,50,E,0.079,0.039,,,,,,,,,,,,
T6,6,6.1,L100_Ni50_T6,50,F,0.1,0.06,,,,,,,,,,,,
T6,6,6.1,L100_Ni75_T6,75,A,0.095,0.054,,,,,,,,,,,,
T6,6,6.1,L100_Ni75_T6,75,B,0.086,0.045,,,,,,,,,,,,
T6,6,6.1,L100_Ni75_T6,75,C,0.081,0.04,,,,,,,,,,,,
T6,6,6.1,L100_Ni75_T6,75,D,0.081,0.04,,,,,,,,,,,,
T6,6,6.1,L100_Ni75_T6,75,E,0.079,0.038,,,,,,,,,,,,
T6,6,6.1,L100_Ni75_T6,75,F,0.108,0.067,,,,,,,,,,,,
T6,6,6.1,L100_Ni125_T6,125,A,0.066,0.024,,,,,,,,,,,,
T6,6,6.1,L100_Ni125_T6,125,B,0.066,0.024,,,,,,,,,,,,
T6,6,6.1,L100_Ni125_T6,125,C,0.066,0.024,,,,,,,,,,,,
T6,6,6.1,L100_Ni125_T6,125,D,0.065,0.023,,,,,,,,,,,,
T6,6,6.1,L100_Ni125_T6,125,E,0.066,0.024,,,,,,,,,,,,
T6,6,6.1,L100_Ni125_T6,125,F,0.066,0.024,,,,,,,,,,,,
T6,6,6.1,L100_Ni250_T6,250,A,0.05,0.007,,,,,,,,,,,,
T6,6,6.1,L100_Ni250_T6,250,B,0.049,0.006,,,,,,,,,,,,
T6,6,6.1,L100_Ni250_T6,250,C,0.049,0.006,,,,,,,,,,,,
T6,6,6.1,L100_Ni250_T6,250,D,0.048,0.005,,,,,,,,,,,,
T6,6,6.1,L100_Ni250_T6,250,E,0.048,0.005,,,,,,,,,,,,
T6,6,6.1,L100_Ni250_T6,250,F,0.048,0.005,,,,,,,,,,,,
T7,7,7.3,L100_Ni0_T7,0,A,0.2,0.163,,,,,,,,,,,,
T7,7,7.3,L100_Ni0_T7,0,B,0.193,0.156,,,,,,,,,,,,
T7,7,7.3,L100_Ni0_T7,0,C,0.194,0.157,,,,,,,,,,,,
T7,7,7.3,L100_Ni0_T7,0,D,0.18,0.143,,,,,,,,,,,,
T7,7,7.3,L100_Ni0_T7,0,E,0.181,0.144,,,,,,,,,,,,
T7,7,7.3,L100_Ni0_T7,0,F,0.227,0.19,,,,,,,,,,,,
T7,7,7.3,L100_Ni5_T7,5,A,0.158,0.121,,,,,,,,,,,,
T7,7,7.3,L100_Ni5_T7,5,B,0.166,0.129,,,,,,,,,,,,
T7,7,7.3,L100_Ni5_T7,5,C,0.155,0.118,,,,,,,,,,,,
T7,7,7.3,L100_Ni5_T7,5,D,0.141,0.104,,,,,,,,,,,,
T7,7,7.3,L100_Ni5_T7,5,E,0.154,0.117,,,,,,,,,,,,
T7,7,7.3,L100_Ni5_T7,5,F,0.162,0.125,,,,,,,,,,,,
T7,7,7.3,L100_Ni10_T7,10,A,0.149,0.111,,,,,,,,,,,,
T7,7,7.3,L100_Ni10_T7,10,B,0.166,0.128,,,,,,,,,,,,
T7,7,7.3,L100_Ni10_T7,10,C,0.158,0.12,,,,,,,,,,,,
T7,7,7.3,L100_Ni10_T7,10,D,0.165,0.127,,,,,,,,,,,,
T7,7,7.3,L100_Ni10_T7,10,E,0.149,0.111,,,,,,,,,,,,
T7,7,7.3,L100_Ni10_T7,10,F,0.171,0.133,,,,,,,,,,,,
T7,7,7.3,L100_Ni25_T7,25,A,0.139,0.1,,,,,,,,,,,,
T7,7,7.3,L100_Ni25_T7,25,B,0.174,0.135,,,,,,,,,,,,
T7,7,7.3,L100_Ni25_T7,25,C,0.167,0.128,,,,,,,,,,,,
T7,7,7.3,L100_Ni25_T7,25,D,0.157,0.118,,,,,,,,,,,,
T7,7,7.3,L100_Ni25_T7,25,E,0.136,0.097,,,,,,,,,,,,
T7,7,7.3,L100_Ni25_T7,25,F,0.178,0.139,,,,,,,,,,,,
T7,7,7.3,L100_Ni50_T7,50,A,0.145,0.105,,,,,,,,,,,,
T7,7,7.3,L100_Ni50_T7,50,B,0.151,0.111,,,,,,,,,,,,
T7,7,7.3,L100_Ni50_T7,50,C,0.159,0.119,,,,,,,,,,,,
T7,7,7.3,L100_Ni50_T7,50,D,0.158,0.118,,,,,,,,,,,,
T7,7,7.3,L100_Ni50_T7,50,E,0.141,0.101,,,,,,,,,,,,
T7,7,7.3,L100_Ni50_T7,50,F,0.16,0.12,,,,,,,,,,,,
T7,7,7.3,L100_Ni75_T7,75,A,0.142,0.101,,,,,,,,,,,,
T7,7,7.3,L100_Ni75_T7,75,B,0.137,0.096,,,,,,,,,,,,
T7,7,7.3,L100_Ni75_T7,75,C,0.13,0.089,,,,,,,,,,,,
T7,7,7.3,L100_Ni75_T7,75,D,0.133,0.092,,,,,,,,,,,,
T7,7,7.3,L100_Ni75_T7,75,E,0.127,0.086,,,,,,,,,,,,
T7,7,7.3,L100_Ni75_T7,75,F,0.126,0.085,,,,,,,,,,,,
T7,7,7.3,L100_Ni125_T7,125,A,0.096,0.054,,,,,,,,,,,,
T7,7,7.3,L100_Ni125_T7,125,B,0.099,0.057,,,,,,,,,,,,
T7,7,7.3,L100_Ni125_T7,125,C,0.098,0.056,,,,,,,,,,,,
T7,7,7.3,L100_Ni125_T7,125,D,0.099,0.057,,,,,,,,,,,,
T7,7,7.3,L100_Ni125_T7,125,E,0.095,0.053,,,,,,,,,,,,
T7,7,7.3,L100_Ni125_T7,125,F,0.101,0.059,,,,,,,,,,,,
T7,7,7.3,L100_Ni250_T7,250,A,0.051,0.008,,,,,,,,,,,,
T7,7,7.3,L100_Ni250_T7,250,B,0.051,0.008,,,,,,,,,,,,
T7,7,7.3,L100_Ni250_T7,250,C,0.051,0.008,,,,,,,,,,,,
T7,7,7.3,L100_Ni250_T7,250,D,0.05,0.007,,,,,,,,,,,,
T7,7,7.3,L100_Ni250_T7,250,E,0.052,0.009,,,,,,,,,,,,
T7,7,7.3,L100_Ni250_T7,250,F,0.049,0.006,,,,,,,,,,,,
T8,8,8.5,L100_Ni0_T8,0,A,0.215,0.178,,,,,,,,,0.05,4.679,42,0
T8,8,8.5,L100_Ni0_T8,0,B,0.202,0.165,,,,,,,,,0.049,4.671,23,8
T8,8,8.5,L100_Ni0_T8,0,C,0.174,0.137,,,,,,,,,0.049,4.615,24,9
T8,8,8.5,L100_Ni0_T8,0,D,0.192,0.155,0.055,0,0.36,0.132,,,,,,,,
T8,8,8.5,L100_Ni0_T8,0,E,0.221,0.184,0.055,0,0.37,0.142,,,,,,,,
T8,8,8.5,L100_Ni0_T8,0,F,0.239,0.202,0.058,0.003,0.384,0.156,,,,,,,,
T8,8,8.5,L100_Ni5_T8,5,A,0.21,0.173,,,,,,,,,0.291,4.67,6,6
T8,8,8.5,L100_Ni5_T8,5,B,0.18,0.143,,,,,,,,,0.287,4.644,6,4
T8,8,8.5,L100_Ni5_T8,5,C,0.151,0.114,,,,,,,,,0.291,4.754,3,-1
T8,8,8.5,L100_Ni5_T8,5,D,0.166,0.129,0.053,0.001,0.346,0.116,,,,,,,,
T8,8,8.5,L100_Ni5_T8,5,E,0.19,0.153,0.055,0.003,0.345,0.115,,,,,,,,
T8,8,8.5,L100_Ni5_T8,5,F,0.218,0.181,0.055,0.003,0.332,0.102,,,,,,,,
T8,8,8.5,L100_Ni10_T8,10,A,0.203,0.165,,,,,,,,,0.56,4.783,5,4
T8,8,8.5,L100_Ni10_T8,10,B,0.164,0.126,,,,,,,,,0.605,4.65,-4,3
T8,8,8.5,L100_Ni10_T8,10,C,0.151,0.113,,,,,,,,,0.541,4.598,6,7
T8,8,8.5,L100_Ni10_T8,10,D,0.154,0.116,0.054,0.001,0.331,0.104,,,,,,,,
T8,8,8.5,L100_Ni10_T8,10,E,0.174,0.136,0.055,0.002,0.335,0.108,,,,,,,,
T8,8,8.5,L100_Ni10_T8,10,F,0.246,0.208,0.056,0.003,0.37,0.143,,,,,,,,
T8,8,8.5,L100_Ni25_T8,25,A,0.181,0.142,,,,,,,,,1.398,4.789,0,4
T8,8,8.5,L100_Ni25_T8,25,B,0.149,0.11,,,,,,,,,1.374,4.711,0,4
T8,8,8.5,L100_Ni25_T8,25,C,0.138,0.099,,,,,,,,,1.305,4.572,5,8
T8,8,8.5,L100_Ni25_T8,25,D,0.151,0.112,0.053,0,0.319,0.088,,,,,,,,
T8,8,8.5,L100_Ni25_T8,25,E,0.16,0.121,0.054,0.001,0.311,0.08,,,,,,,,
T8,8,8.5,L100_Ni25_T8,25,F,0.222,0.183,0.056,0.003,0.363,0.132,,,,,,,,
T8,8,8.5,L100_Ni50_T8,50,A,0.167,0.127,,,,,,,,,2.449,4.759,3,2
T8,8,8.5,L100_Ni50_T8,50,B,0.127,0.087,,,,,,,,,2.381,4.585,7,7
T8,8,8.5,L100_Ni50_T8,50,C,0.121,0.081,,,,,,,,,2.427,4.758,2,1
T8,8,8.5,L100_Ni50_T8,50,D,0.127,0.087,0.053,0,0.305,0.077,,,,,,,,
T8,8,8.5,L100_Ni50_T8,50,E,0.142,0.102,0.055,0.002,0.313,0.085,,,,,,,,
T8,8,8.5,L100_Ni50_T8,50,F,0.198,0.158,0.055,0.002,0.334,0.106,,,,,,,,
T8,8,8.5,L100_Ni75_T8,75,A,0.154,0.113,,,,,,,,,3.616,4.784,2,2
T8,8,8.5,L100_Ni75_T8,75,B,0.104,0.063,,,,,,,,,3.596,4.762,2,2
T8,8,8.5,L100_Ni75_T8,75,C,0.102,0.061,,,,,,,,,3.545,4.67,3,4
T8,8,8.5,L100_Ni75_T8,75,D,0.116,0.075,0.054,0.002,0.306,0.077,,,,,,,,
T8,8,8.5,L100_Ni75_T8,75,E,0.125,0.084,0.055,0.003,0.303,0.074,,,,,,,,
T8,8,8.5,L100_Ni75_T8,75,F,0.167,0.126,0.057,0.005,0.312,0.083,,,,,,,,
T8,8,8.5,L100_Ni125_T8,125,A,0.1,0.058,,,,,,,,,6.454,4.908,0,0
T8,8,8.5,L100_Ni125_T8,125,B,0.09,0.048,,,,,,,,,6.23,4.781,4,4
T8,8,8.5,L100_Ni125_T8,125,C,0.078,0.036,,,,,,,,,6.239,4.777,6,5
T8,8,8.5,L100_Ni125_T8,125,D,0.089,0.047,0.054,0.002,0.263,0.035,,,,,,,,
T8,8,8.5,L100_Ni125_T8,125,E,0.092,0.05,0.054,0.002,0.265,0.037,,,,,,,,
T8,8,8.5,L100_Ni125_T8,125,F,0.1,0.058,0.055,0.003,0.265,0.037,,,,,,,,
T8,8,8.5,L100_Ni250_T8,250,A,0.051,0.008,,,,,,,,,13.655,4.951,-8,-5
T8,8,8.5,L100_Ni250_T8,250,B,0.05,0.007,,,,,,,,,12.934,4.821,-5,-4
T8,8,8.5,L100_Ni250_T8,250,C,0.05,0.007,,,,,,,,,13.011,4.889,1,1
T8,8,8.5,L100_Ni250_T8,250,D,0.049,0.006,0.053,0,0.232,0.006,,,,,,,,
T8,8,8.5,L100_Ni250_T8,250,E,0.051,0.008,0.053,0,0.228,0.002,,,,,,,,
T8,8,8.5,L100_Ni250_T8,250,F,0.05,0.007,0.054,0.001,0.228,0.002,,,,,,,,
T10,10,10.4,L100_Ni0_T10,0,A,0.268,0.231,,,,,,,,,,,,
T10,10,10.4,L100_Ni0_T10,0,B,0.264,0.227,,,,,,,,,,,,
T10,10,10.4,L100_Ni0_T10,0,C,0.257,0.22,,,,,,,,,,,,
T10,10,10.4,L100_Ni0_T10,0,D,0.252,0.215,,,,,,,,,,,,
T10,10,10.4,L100_Ni0_T10,0,E,0.26,0.223,,,,,,,,,,,,
T10,10,10.4,L100_Ni0_T10,0,F,0.261,0.224,,,,,,,,,,,,
T10,10,10.4,L100_Ni5_T10,5,A,0.229,0.192,,,,,,,,,,,,
T10,10,10.4,L100_Ni5_T10,5,B,0.241,0.204,,,,,,,,,,,,
T10,10,10.4,L100_Ni5_T10,5,C,0.23,0.193,,,,,,,,,,,,
T10,10,10.4,L100_Ni5_T10,5,D,0.228,0.191,,,,,,,,,,,,
T10,10,10.4,L100_Ni5_T10,5,E,0.235,0.198,,,,,,,,,,,,
T10,10,10.4,L100_Ni5_T10,5,F,0.256,0.219,,,,,,,,,,,,
T10,10,10.4,L100_Ni10_T10,10,A,0.21,0.172,,,,,,,,,,,,
T10,10,10.4,L100_Ni10_T10,10,B,0.226,0.188,,,,,,,,,,,,
T10,10,10.4,L100_Ni10_T10,10,C,0.222,0.184,,,,,,,,,,,,
T10,10,10.4,L100_Ni10_T10,10,D,0.213,0.175,,,,,,,,,,,,
T10,10,10.4,L100_Ni10_T10,10,E,0.223,0.185,,,,,,,,,,,,
T10,10,10.4,L100_Ni10_T10,10,F,0.27,0.232,,,,,,,,,,,,
T10,10,10.4,L100_Ni25_T10,25,A,0.214,0.175,,,,,,,,,,,,
T10,10,10.4,L100_Ni25_T10,25,B,0.228,0.189,,,,,,,,,,,,
T10,10,10.4,L100_Ni25_T10,25,C,0.214,0.175,,,,,,,,,,,,
T10,10,10.4,L100_Ni25_T10,25,D,0.2,0.161,,,,,,,,,,,,
T10,10,10.4,L100_Ni25_T10,25,E,0.225,0.186,,,,,,,,,,,,
T10,10,10.4,L100_Ni25_T10,25,F,0.272,0.233,,,,,,,,,,,,
T10,10,10.4,L100_Ni50_T10,50,A,0.223,0.183,,,,,,,,,,,,
T10,10,10.4,L100_Ni50_T10,50,B,0.202,0.162,,,,,,,,,,,,
T10,10,10.4,L100_Ni50_T10,50,C,0.196,0.156,,,,,,,,,,,,
T10,10,10.4,L100_Ni50_T10,50,D,0.202,0.162,,,,,,,,,,,,
T10,10,10.4,L100_Ni50_T10,50,E,0.215,0.175,,,,,,,,,,,,
T10,10,10.4,L100_Ni50_T10,50,F,0.251,0.211,,,,,,,,,,,,
T10,10,10.4,L100_Ni75_T10,75,A,0.205,0.164,,,,,,,,,,,,
T10,10,10.4,L100_Ni75_T10,75,B,0.193,0.152,,,,,,,,,,,,
T10,10,10.4,L100_Ni75_T10,75,C,0.182,0.141,,,,,,,,,,,,
T10,10,10.4,L100_Ni75_T10,75,D,0.191,0.15,,,,,,,,,,,,
T10,10,10.4,L100_Ni75_T10,75,E,0.202,0.161,,,,,,,,,,,,
T10,10,10.4,L100_Ni75_T10,75,F,0.226,0.185,,,,,,,,,,,,
T10,10,10.4,L100_Ni125_T10,125,A,0.111,0.069,,,,,,,,,,,,
T10,10,10.4,L100_Ni125_T10,125,B,0.108,0.066,,,,,,,,,,,,
T10,10,10.4,L100_Ni125_T10,125,C,0.091,0.049,,,,,,,,,,,,
T10,10,10.4,L100_Ni125_T10,125,D,0.093,0.051,,,,,,,,,,,,
T10,10,10.4,L100_Ni125_T10,125,E,0.093,0.051,,,,,,,,,,,,
T10,10,10.4,L100_Ni125_T10,125,F,0.117,0.075,,,,,,,,,,,,
T10,10,10.4,L100_Ni250_T10,250,A,0.054,0.011,,,,,,,,,,,,
T10,10,10.4,L100_Ni250_T10,250,B,0.053,0.01,,,,,,,,,,,,
T10,10,10.4,L100_Ni250_T10,250,C,0.052,0.009,,,,,,,,,,,,
T10,10,10.4,L100_Ni250_T10,250,D,0.051,0.008,,,,,,,,,,,,
T10,10,10.4,L100_Ni250_T10,250,E,0.052,0.009,,,,,,,,,,,,
T10,10,10.4,L100_Ni250_T10,250,F,0.052,0.009,,,,,,,,,,,,
T11,11,11.3,L100_Ni0_T11,0,A,0.265,0.228,,,,,,,,,,,,
T11,11,11.3,L100_Ni0_T11,0,B,0.273,0.236,,,,,,,,,,,,
T11,11,11.3,L100_Ni0_T11,0,C,0.295,0.258,,,,,,,,,,,,
T11,11,11.3,L100_Ni0_T11,0,D,0.296,0.259,,,,,,,,,,,,
T11,11,11.3,L100_Ni0_T11,0,E,0.295,0.258,,,,,,,,,,,,
T11,11,11.3,L100_Ni0_T11,0,F,0.313,0.276,,,,,,,,,,,,
T11,11,11.3,L100_Ni5_T11,5,A,0.275,0.238,,,,,,,,,,,,
T11,11,11.3,L100_Ni5_T11,5,B,0.257,0.22,,,,,,,,,,,,
T11,11,11.3,L100_Ni5_T11,5,C,0.249,0.212,,,,,,,,,,,,
T11,11,11.3,L100_Ni5_T11,5,D,0.257,0.22,,,,,,,,,,,,
T11,11,11.3,L100_Ni5_T11,5,E,0.274,0.237,,,,,,,,,,,,
T11,11,11.3,L100_Ni5_T11,5,F,0.288,0.251,,,,,,,,,,,,
T11,11,11.3,L100_Ni10_T11,10,A,0.255,0.217,,,,,,,,,,,,
T11,11,11.3,L100_Ni10_T11,10,B,0.256,0.218,,,,,,,,,,,,
T11,11,11.3,L100_Ni10_T11,10,C,0.262,0.224,,,,,,,,,,,,
T11,11,11.3,L100_Ni10_T11,10,D,0.267,0.229,,,,,,,,,,,,
T11,11,11.3,L100_Ni10_T11,10,E,0.275,0.237,,,,,,,,,,,,
T11,11,11.3,L100_Ni10_T11,10,F,0.292,0.254,,,,,,,,,,,,
T11,11,11.3,L100_Ni25_T11,25,A,0.263,0.224,,,,,,,,,,,,
T11,11,11.3,L100_Ni25_T11,25,B,0.251,0.212,,,,,,,,,,,,
T11,11,11.3,L100_Ni25_T11,25,C,0.262,0.223,,,,,,,,,,,,
T11,11,11.3,L100_Ni25_T11,25,D,0.272,0.233,,,,,,,,,,,,
T11,11,11.3,L100_Ni25_T11,25,E,0.275,0.236,,,,,,,,,,,,
T11,11,11.3,L100_Ni25_T11,25,F,0.295,0.256,,,,,,,,,,,,
T11,11,11.3,L100_Ni50_T11,50,A,0.271,0.231,,,,,,,,,,,,
T11,11,11.3,L100_Ni50_T11,50,B,0.251,0.211,,,,,,,,,,,,
T11,11,11.3,L100_Ni50_T11,50,C,0.257,0.217,,,,,,,,,,,,
T11,11,11.3,L100_Ni50_T11,50,D,0.276,0.236,,,,,,,,,,,,
T11,11,11.3,L100_Ni50_T11,50,E,0.268,0.228,,,,,,,,,,,,
T11,11,11.3,L100_Ni50_T11,50,F,0.293,0.253,,,,,,,,,,,,
T11,11,11.3,L100_Ni75_T11,75,A,0.254,0.213,,,,,,,,,,,,
T11,11,11.3,L100_Ni75_T11,75,B,0.256,0.215,,,,,,,,,,,,
T11,11,11.3,L100_Ni75_T11,75,C,0.254,0.213,,,,,,,,,,,,
T11,11,11.3,L100_Ni75_T11,75,D,0.261,0.22,,,,,,,,,,,,
T11,11,11.3,L100_Ni75_T11,75,E,0.252,0.211,,,,,,,,,,,,
T11,11,11.3,L100_Ni75_T11,75,F,0.271,0.23,,,,,,,,,,,,
T11,11,11.3,L100_Ni125_T11,125,A,0.13,0.088,,,,,,,,,,,,
T11,11,11.3,L100_Ni125_T11,125,B,0.126,0.084,,,,,,,,,,,,
T11,11,11.3,L100_Ni125_T11,125,C,0.132,0.09,,,,,,,,,,,,
T11,11,11.3,L100_Ni125_T11,125,D,0.14,0.098,,,,,,,,,,,,
T11,11,11.3,L100_Ni125_T11,125,E,0.139,0.097,,,,,,,,,,,,
T11,11,11.3,L100_Ni125_T11,125,F,0.153,0.111,,,,,,,,,,,,
T11,11,11.3,L100_Ni250_T11,250,A,0.055,0.012,,,,,,,,,,,,
T11,11,11.3,L100_Ni250_T11,250,B,0.055,0.012,,,,,,,,,,,,
T11,11,11.3,L100_Ni250_T11,250,C,0.056,0.013,,,,,,,,,,,,
T11,11,11.3,L100_Ni250_T11,250,D,0.056,0.013,,,,,,,,,,,,
T11,11,11.3,L100_Ni250_T11,250,E,0.057,0.014,,,,,,,,,,,,
T11,11,11.3,L100_Ni250_T11,250,F,0.055,0.012,,,,,,,,,,,,
T12,12,12.3,L100_Ni0_T12,0,A,0.32,0.283,,,,,,,,,0.056,4.698,34,-1
T12,12,12.3,L100_Ni0_T12,0,B,0.311,0.274,,,,,,,,,0.06,4.701,7,7
T12,12,12.3,L100_Ni0_T12,0,C,0.279,0.242,,,,,,,,,0.058,4.704,11,7
T12,12,12.3,L100_Ni0_T12,0,D,0.279,0.242,0.055,0,0.444,0.216,,,,,,,,
T12,12,12.3,L100_Ni0_T12,0,E,0.296,0.259,0.054,-0.001,0.423,0.195,,,,,,,,
T12,12,12.3,L100_Ni0_T12,0,F,0.302,0.265,0.055,0,0.428,0.2,,,,,,,,
T12,12,12.3,L100_Ni5_T12,5,A,0.317,0.28,,,,,,,,,0.292,4.551,6,8
T12,12,12.3,L100_Ni5_T12,5,B,0.304,0.267,,,,,,,,,0.3,4.764,2,2
T12,12,12.3,L100_Ni5_T12,5,C,0.27,0.233,,,,,,,,,0.302,4.657,-1,1
T12,12,12.3,L100_Ni5_T12,5,D,0.268,0.231,0.055,0.003,0.42,0.19,,,,,,,,
T12,12,12.3,L100_Ni5_T12,5,E,0.296,0.259,0.055,0.003,0.44,0.21,,,,,,,,
T12,12,12.3,L100_Ni5_T12,5,F,0.314,0.277,0.053,0.001,0.471,0.241,,,,,,,,
T12,12,12.3,L100_Ni10_T12,10,A,0.284,0.246,,,,,,,,,0.572,4.785,3,4
T12,12,12.3,L100_Ni10_T12,10,B,0.301,0.263,,,,,,,,,0.588,4.697,-1,2
T12,12,12.3,L100_Ni10_T12,10,C,0.268,0.23,,,,,,,,,0.561,4.695,2,5
T12,12,12.3,L100_Ni10_T12,10,D,0.259,0.221,0.053,0,0.42,0.193,,,,,,,,
T12,12,12.3,L100_Ni10_T12,10,E,0.3,0.262,0.053,0,0.424,0.197,,,,,,,,
T12,12,12.3,L100_Ni10_T12,10,F,0.323,0.285,0.054,0.001,0.459,0.232,,,,,,,,
T12,12,12.3,L100_Ni25_T12,25,A,0.278,0.239,,,,,,,,,1.374,4.688,2,6
T12,12,12.3,L100_Ni25_T12,25,B,0.287,0.248,,,,,,,,,1.357,4.68,1,4
T12,12,12.3,L100_Ni25_T12,25,C,0.282,0.243,,,,,,,,,1.499,4.725,-9,5
T12,12,12.3,L100_Ni25_T12,25,D,0.283,0.244,0.054,0.001,0.445,0.214,,,,,,,,
T12,12,12.3,L100_Ni25_T12,25,E,0.289,0.25,0.054,0.001,0.426,0.195,,,,,,,,
T12,12,12.3,L100_Ni25_T12,25,F,0.324,0.285,0.055,0.002,0.46,0.229,,,,,,,,
T12,12,12.3,L100_Ni50_T12,50,A,0.292,0.252,,,,,,,,,2.564,4.661,-2,4
T12,12,12.3,L100_Ni50_T12,50,B,0.286,0.246,,,,,,,,,2.506,4.775,2,3
T12,12,12.3,L100_Ni50_T12,50,C,0.28,0.24,,,,,,,,,2.611,4.755,-6,1
T12,12,12.3,L100_Ni50_T12,50,D,0.286,0.246,0.053,0,0.44,0.212,,,,,,,,
T12,12,12.3,L100_Ni50_T12,50,E,0.299,0.259,0.054,0.001,0.438,0.21,,,,,,,,
T12,12,12.3,L100_Ni50_T12,50,F,0.303,0.263,0.054,0.001,0.46,0.232,,,,,,,,
T12,12,12.3,L100_Ni75_T12,75,A,0.295,0.254,,,,,,,,,3.646,4.736,1,3
T12,12,12.3,L100_Ni75_T12,75,B,0.267,0.226,,,,,,,,,3.569,4.629,3,5
T12,12,12.3,L100_Ni75_T12,75,C,0.258,0.217,,,,,,,,,3.688,4.757,-1,2
T12,12,12.3,L100_Ni75_T12,75,D,0.276,0.235,0.054,0.002,0.444,0.215,,,,,,,,
T12,12,12.3,L100_Ni75_T12,75,E,0.274,0.233,0.054,0.002,0.427,0.198,,,,,,,,
T12,12,12.3,L100_Ni75_T12,75,F,0.26,0.219,0.054,0.002,0.465,0.236,,,,,,,,
T12,12,12.3,L100_Ni125_T12,125,A,0.178,0.136,,,,,,,,,6.542,4.848,-1,1
T12,12,12.3,L100_Ni125_T12,125,B,0.16,0.118,,,,,,,,,6.482,4.872,0,2
T12,12,12.3,L100_Ni125_T12,125,C,0.151,0.109,,,,,,,,,6.321,4.724,5,6
T12,12,12.3,L100_Ni125_T12,125,D,0.153,0.111,0.053,0.001,0.322,0.094,,,,,,,,
T12,12,12.3,L100_Ni125_T12,125,E,0.149,0.107,0.053,0.001,0.315,0.087,,,,,,,,
T12,12,12.3,L100_Ni125_T12,125,F,0.161,0.119,0.054,0.002,0.317,0.089,,,,,,,,
T12,12,12.3,L100_Ni250_T12,250,A,0.057,0.014,,,,,,,,,13.196,4.909,-4,-4
T12,12,12.3,L100_Ni250_T12,250,B,0.057,0.014,,,,,,,,,13.332,4.938,-8,-7
T12,12,12.3,L100_Ni250_T12,250,C,0.054,0.011,,,,,,,,,13.148,4.888,0,1
T12,12,12.3,L100_Ni250_T12,250,D,0.055,0.012,0.057,0.004,0.277,0.051,,,,,,,,
T12,12,12.3,L100_Ni250_T12,250,E,0.057,0.014,0.055,0.002,0.229,0.003,,,,,,,,
T12,12,12.3,L100_Ni250_T12,250,F,0.057,0.014,0.054,0.001,0.227,0.001,,,,,,,,
T13,13,13.3,L100_Ni0_T13,0,A,0.301,0.264,,,,,,,,,,,,
T13,13,13.3,L100_Ni0_T13,0,B,0.315,0.278,,,,,,,,,,,,
T13,13,13.3,L100_Ni0_T13,0,C,0.328,0.291,,,,,,,,,,,,
T13,13,13.3,L100_Ni0_T13,0,D,0.329,0.292,,,,,,,,,,,,
T13,13,13.3,L100_Ni0_T13,0,E,0.328,0.291,,,,,,,,,,,,
T13,13,13.3,L100_Ni0_T13,0,F,0.349,0.312,,,,,,,,,,,,
T13,13,13.3,L100_Ni5_T13,5,A,0.312,0.275,,,,,,,,,,,,
T13,13,13.3,L100_Ni5_T13,5,B,0.306,0.269,,,,,,,,,,,,
T13,13,13.3,L100_Ni5_T13,5,C,0.286,0.249,,,,,,,,,,,,
T13,13,13.3,L100_Ni5_T13,5,D,0.293,0.256,,,,,,,,,,,,
T13,13,13.3,L100_Ni5_T13,5,E,0.304,0.267,,,,,,,,,,,,
T13,13,13.3,L100_Ni5_T13,5,F,0.323,0.286,,,,,,,,,,,,
T13,13,13.3,L100_Ni10_T13,10,A,0.288,0.25,,,,,,,,,,,,
T13,13,13.3,L100_Ni10_T13,10,B,0.297,0.259,,,,,,,,,,,,
T13,13,13.3,L100_Ni10_T13,10,C,0.304,0.266,,,,,,,,,,,,
T13,13,13.3,L100_Ni10_T13,10,D,0.305,0.267,,,,,,,,,,,,
T13,13,13.3,L100_Ni10_T13,10,E,0.311,0.273,,,,,,,,,,,,
T13,13,13.3,L100_Ni10_T13,10,F,0.328,0.29,,,,,,,,,,,,
T13,13,13.3,L100_Ni25_T13,25,A,0.302,0.263,,,,,,,,,,,,
T13,13,13.3,L100_Ni25_T13,25,B,0.309,0.27,,,,,,,,,,,,
T13,13,13.3,L100_Ni25_T13,25,C,0.317,0.278,,,,,,,,,,,,
T13,13,13.3,L100_Ni25_T13,25,D,0.317,0.278,,,,,,,,,,,,
T13,13,13.3,L100_Ni25_T13,25,E,0.313,0.274,,,,,,,,,,,,
T13,13,13.3,L100_Ni25_T13,25,F,0.336,0.297,,,,,,,,,,,,
T13,13,13.3,L100_Ni50_T13,50,A,0.307,0.267,,,,,,,,,,,,
T13,13,13.3,L100_Ni50_T13,50,B,0.312,0.272,,,,,,,,,,,,
T13,13,13.3,L100_Ni50_T13,50,C,0.311,0.271,,,,,,,,,,,,
T13,13,13.3,L100_Ni50_T13,50,D,0.321,0.281,,,,,,,,,,,,
T13,13,13.3,L100_Ni50_T13,50,E,0.316,0.276,,,,,,,,,,,,
T13,13,13.3,L100_Ni50_T13,50,F,0.332,0.292,,,,,,,,,,,,
T13,13,13.3,L100_Ni75_T13,75,A,0.296,0.255,,,,,,,,,,,,
T13,13,13.3,L100_Ni75_T13,75,B,0.298,0.257,,,,,,,,,,,,
T13,13,13.3,L100_Ni75_T13,75,C,0.298,0.257,,,,,,,,,,,,
T13,13,13.3,L100_Ni75_T13,75,D,0.303,0.262,,,,,,,,,,,,
T13,13,13.3,L100_Ni75_T13,75,E,0.299,0.258,,,,,,,,,,,,
T13,13,13.3,L100_Ni75_T13,75,F,0.314,0.273,,,,,,,,,,,,
T13,13,13.3,L100_Ni125_T13,125,A,0.172,0.13,,,,,,,,,,,,
T13,13,13.3,L100_Ni125_T13,125,B,0.161,0.119,,,,,,,,,,,,
T13,13,13.3,L100_Ni125_T13,125,C,0.174,0.132,,,,,,,,,,,,
T13,13,13.3,L100_Ni125_T13,125,D,0.196,0.154,,,,,,,,,,,,
T13,13,13.3,L100_Ni125_T13,125,E,0.193,0.151,,,,,,,,,,,,
T13,13,13.3,L100_Ni125_T13,125,F,0.203,0.161,,,,,,,,,,,,
T13,13,13.3,L100_Ni250_T13,250,A,0.06,0.017,,,,,,,,,,,,
T13,13,13.3,L100_Ni250_T13,250,B,0.059,0.016,,,,,,,,,,,,
T13,13,13.3,L100_Ni250_T13,250,C,0.06,0.017,,,,,,,,,,,,
T13,13,13.3,L100_Ni250_T13,250,D,0.058,0.015,,,,,,,,,,,,
T13,13,13.3,L100_Ni250_T13,250,E,0.06,0.017,,,,,,,,,,,,
T13,13,13.3,L100_Ni250_T13,250,F,0.061,0.018,,,,,,,,,,,,
T14,14,14.3,L100_Ni0_T14,0,A,0.22,0.183,,,,,,,,,,,,
T14,14,14.3,L100_Ni0_T14,0,B,0.232,0.195,,,,,,,,,,,,
T14,14,14.3,L100_Ni0_T14,0,C,0.241,0.204,,,,,,,,,,,,
T14,14,14.3,L100_Ni0_T14,0,D,0.241,0.204,,,,,,,,,,,,
T14,14,14.3,L100_Ni0_T14,0,E,0.259,0.222,,,,,,,,,,,,
T14,14,14.3,L100_Ni0_T14,0,F,0.329,0.292,,,,,,,,,,,,
T14,14,14.3,L100_Ni5_T14,5,A,0.264,0.227,,,,,,,,,,,,
T14,14,14.3,L100_Ni5_T14,5,B,0.244,0.207,,,,,,,,,,,,
T14,14,14.3,L100_Ni5_T14,5,C,0.25,0.213,,,,,,,,,,,,
T14,14,14.3,L100_Ni5_T14,5,D,0.25,0.213,,,,,,,,,,,,
T14,14,14.3,L100_Ni5_T14,5,E,0.255,0.218,,,,,,,,,,,,
T14,14,14.3,L100_Ni5_T14,5,F,0.325,0.288,,,,,,,,,,,,
T14,14,14.3,L100_Ni10_T14,10,A,0.255,0.217,,,,,,,,,,,,
T14,14,14.3,L100_Ni10_T14,10,B,0.253,0.215,,,,,,,,,,,,
T14,14,14.3,L100_Ni10_T14,10,C,0.238,0.2,,,,,,,,,,,,
T14,14,14.3,L100_Ni10_T14,10,D,0.24,0.202,,,,,,,,,,,,
T14,14,14.3,L100_Ni10_T14,10,E,0.253,0.215,,,,,,,,,,,,
T14,14,14.3,L100_Ni10_T14,10,F,0.322,0.284,,,,,,,,,,,,
T14,14,14.3,L100_Ni25_T14,25,A,0.258,0.219,,,,,,,,,,,,
T14,14,14.3,L100_Ni25_T14,25,B,0.248,0.209,,,,,,,,,,,,
T14,14,14.3,L100_Ni25_T14,25,C,0.243,0.204,,,,,,,,,,,,
T14,14,14.3,L100_Ni25_T14,25,D,0.234,0.195,,,,,,,,,,,,
T14,14,14.3,L100_Ni25_T14,25,E,0.253,0.214,,,,,,,,,,,,
T14,14,14.3,L100_Ni25_T14,25,F,0.306,0.267,,,,,,,,,,,,
T14,14,14.3,L100_Ni50_T14,50,A,0.307,0.267,,,,,,,,,,,,
T14,14,14.3,L100_Ni50_T14,50,B,0.282,0.242,,,,,,,,,,,,
T14,14,14.3,L100_Ni50_T14,50,C,0.254,0.214,,,,,,,,,,,,
T14,14,14.3,L100_Ni50_T14,50,D,0.242,0.202,,,,,,,,,,,,
T14,14,14.3,L100_Ni50_T14,50,E,0.244,0.204,,,,,,,,,,,,
T14,14,14.3,L100_Ni50_T14,50,F,0.295,0.255,,,,,,,,,,,,
T14,14,14.3,L100_Ni75_T14,75,A,0.296,0.255,,,,,,,,,,,,
T14,14,14.3,L100_Ni75_T14,75,B,0.275,0.234,,,,,,,,,,,,
T14,14,14.3,L100_Ni75_T14,75,C,0.256,0.215,,,,,,,,,,,,
T14,14,14.3,L100_Ni75_T14,75,D,0.246,0.205,,,,,,,,,,,,
T14,14,14.3,L100_Ni75_T14,75,E,0.227,0.186,,,,,,,,,,,,
T14,14,14.3,L100_Ni75_T14,75,F,0.296,0.255,,,,,,,,,,,,
T14,14,14.3,L100_Ni125_T14,125,A,0.19,0.148,,,,,,,,,,,,
T14,14,14.3,L100_Ni125_T14,125,B,0.163,0.121,,,,,,,,,,,,
T14,14,14.3,L100_Ni125_T14,125,C,0.153,0.111,,,,,,,,,,,,
T14,14,14.3,L100_Ni125_T14,125,D,0.16,0.118,,,,,,,,,,,,
T14,14,14.3,L100_Ni125_T14,125,E,0.166,0.124,,,,,,,,,,,,
T14,14,14.3,L100_Ni125_T14,125,F,0.201,0.159,,,,,,,,,,,,
T14,14,14.3,L100_Ni250_T14,250,A,0.058,0.015,,,,,,,,,,,,
T14,14,14.3,L100_Ni250_T14,250,B,0.057,0.014,,,,,,,,,,,,
T14,14,14.3,L100_Ni250_T14,250,C,0.057,0.014,,,,,,,,,,,,
T14,14,14.3,L100_Ni250_T14,250,D,0.057,0.014,,,,,,,,,,,,
T14,14,14.3,L100_Ni250_T14,250,E,0.057,0.014,,,,,,,,,,,,
T14,14,14.3,L100_Ni250_T14,250,F,0.065,0.022,,,,,,,,,,,,
T15,15,15.3,L100_Ni0_T15,0,A,0.302,0.265,,,,,,,,,,,,
T15,15,15.3,L100_Ni0_T15,0,B,0.317,0.28,,,,,,,,,,,,
T15,15,15.3,L100_Ni0_T15,0,C,0.324,0.287,,,,,,,,,,,,
T15,15,15.3,L100_Ni0_T15,0,D,0.34,0.303,,,,,,,,,,,,
T15,15,15.3,L100_Ni0_T15,0,E,0.364,0.327,,,,,,,,,,,,
T15,15,15.3,L100_Ni0_T15,0,F,0.382,0.345,,,,,,,,,,,,
T15,15,15.3,L100_Ni5_T15,5,A,0.301,0.264,,,,,,,,,,,,
T15,15,15.3,L100_Ni5_T15,5,B,0.307,0.27,,,,,,,,,,,,
T15,15,15.3,L100_Ni5_T15,5,C,0.299,0.262,,,,,,,,,,,,
T15,15,15.3,L100_Ni5_T15,5,D,0.314,0.277,,,,,,,,,,,,
T15,15,15.3,L100_Ni5_T15,5,E,0.34,0.303,,,,,,,,,,,,
T15,15,15.3,L100_Ni5_T15,5,F,0.363,0.326,,,,,,,,,,,,
T15,15,15.3,L100_Ni10_T15,10,A,0.304,0.266,,,,,,,,,,,,
T15,15,15.3,L100_Ni10_T15,10,B,0.3,0.262,,,,,,,,,,,,
T15,15,15.3,L100_Ni10_T15,10,C,0.31,0.272,,,,,,,,,,,,
T15,15,15.3,L100_Ni10_T15,10,D,0.328,0.29,,,,,,,,,,,,
T15,15,15.3,L100_Ni10_T15,10,E,0.34,0.302,,,,,,,,,,,,
T15,15,15.3,L100_Ni10_T15,10,F,0.364,0.326,,,,,,,,,,,,
T15,15,15.3,L100_Ni25_T15,25,A,0.317,0.278,,,,,,,,,,,,
T15,15,15.3,L100_Ni25_T15,25,B,0.304,0.265,,,,,,,,,,,,
T15,15,15.3,L100_Ni25_T15,25,C,0.318,0.279,,,,,,,,,,,,
T15,15,15.3,L100_Ni25_T15,25,D,0.337,0.298,,,,,,,,,,,,
T15,15,15.3,L100_Ni25_T15,25,E,0.343,0.304,,,,,,,,,,,,
T15,15,15.3,L100_Ni25_T15,25,F,0.363,0.324,,,,,,,,,,,,
T15,15,15.3,L100_Ni50_T15,50,A,0.324,0.284,,,,,,,,,,,,
T15,15,15.3,L100_Ni50_T15,50,B,0.315,0.275,,,,,,,,,,,,
T15,15,15.3,L100_Ni50_T15,50,C,0.335,0.295,,,,,,,,,,,,
T15,15,15.3,L100_Ni50_T15,50,D,0.35,0.31,,,,,,,,,,,,
T15,15,15.3,L100_Ni50_T15,50,E,0.359,0.319,,,,,,,,,,,,
T15,15,15.3,L100_Ni50_T15,50,F,0.368,0.328,,,,,,,,,,,,
T15,15,15.3,L100_Ni75_T15,75,A,0.297,0.256,,,,,,,,,,,,
T15,15,15.3,L100_Ni75_T15,75,B,0.307,0.266,,,,,,,,,,,,
T15,15,15.3,L100_Ni75_T15,75,C,0.316,0.275,,,,,,,,,,,,
T15,15,15.3,L100_Ni75_T15,75,D,0.324,0.283,,,,,,,,,,,,
T15,15,15.3,L100_Ni75_T15,75,E,0.34,0.299,,,,,,,,,,,,
T15,15,15.3,L100_Ni75_T15,75,F,0.343,0.302,,,,,,,,,,,,
T15,15,15.3,L100_Ni125_T15,125,A,0.195,0.153,,,,,,,,,,,,
T15,15,15.3,L100_Ni125_T15,125,B,0.191,0.149,,,,,,,,,,,,
T15,15,15.3,L100_Ni125_T15,125,C,0.208,0.166,,,,,,,,,,,,
T15,15,15.3,L100_Ni125_T15,125,D,0.217,0.175,,,,,,,,,,,,
T15,15,15.3,L100_Ni125_T15,125,E,0.216,0.174,,,,,,,,,,,,
T15,15,15.3,L100_Ni125_T15,125,F,0.227,0.185,,,,,,,,,,,,
T15,15,15.3,L100_Ni250_T15,250,A,0.066,0.023,,,,,,,,,,,,
T15,15,15.3,L100_Ni250_T15,250,B,0.062,0.019,,,,,,,,,,,,
T15,15,15.3,L100_Ni250_T15,250,C,0.061,0.018,,,,,,,,,,,,
T15,15,15.3,L100_Ni250_T15,250,D,0.06,0.017,,,,,,,,,,,,
T15,15,15.3,L100_Ni250_T15,250,E,0.067,0.024,,,,,,,,,,,,
T15,15,15.3,L100_Ni250_T15,250,F,0.064,0.021,,,,,,,,,,,,
T16,16,16.3,L100_Ni0_T16,0,A,0.299,0.262,,,,,,,,,0.079,4.717,8,-1
T16,16,16.3,L100_Ni0_T16,0,B,0.278,0.241,,,,,,,,,0.07,4.762,-9,6
T16,16,16.3,L100_Ni0_T16,0,C,0.277,0.24,,,,,,,,,0.105,4.178,-63,18
T16,16,16.3,L100_Ni0_T16,0,D,0.289,0.252,0.056,0.001,0.434,0.206,,,,,,,,
T16,16,16.3,L100_Ni0_T16,0,E,0.311,0.274,0.055,0,0.427,0.199,,,,,,,,
T16,16,16.3,L100_Ni0_T16,0,F,0.4,0.363,0.054,-0.001,0.453,0.225,,,,,,,,
T16,16,16.3,L100_Ni5_T16,5,A,0.29,0.253,,,,,,,,,0.312,4.681,-1,5
T16,16,16.3,L100_Ni5_T16,5,B,0.284,0.247,,,,,,,,,0.309,4.641,-1,4
T16,16,16.3,L100_Ni5_T16,5,C,0.281,0.244,,,,,,,,,0.304,4.608,-1,2
T16,16,16.3,L100_Ni5_T16,5,D,0.283,0.246,0.059,0.007,0.432,0.202,,,,,,,,
T16,16,16.3,L100_Ni5_T16,5,E,0.305,0.268,0.055,0.003,0.435,0.205,,,,,,,,
T16,16,16.3,L100_Ni5_T16,5,F,0.37,0.333,0.056,0.004,0.447,0.217,,,,,,,,
T16,16,16.3,L100_Ni10_T16,10,A,0.321,0.283,,,,,,,,,0.553,4.498,7,9
T16,16,16.3,L100_Ni10_T16,10,B,0.28,0.242,,,,,,,,,0.573,4.676,1,2
T16,16,16.3,L100_Ni10_T16,10,C,0.264,0.226,,,,,,,,,0.607,4.654,-6,5
T16,16,16.3,L100_Ni10_T16,10,D,0.264,0.226,0.055,0.002,0.409,0.182,,,,,,,,
T16,16,16.3,L100_Ni10_T16,10,E,0.277,0.239,0.054,0.001,0.429,0.202,,,,,,,,
T16,16,16.3,L100_Ni10_T16,10,F,0.363,0.325,0.056,0.003,0.432,0.205,,,,,,,,
T16,16,16.3,L100_Ni25_T16,25,A,0.333,0.294,,,,,,,,,1.359,4.723,3,5
T16,16,16.3,L100_Ni25_T16,25,B,0.296,0.257,,,,,,,,,1.519,4.671,-10,4
T16,16,16.3,L100_Ni25_T16,25,C,0.276,0.237,,,,,,,,,1.352,4.628,2,6
T16,16,16.3,L100_Ni25_T16,25,D,0.236,0.197,0.055,0.002,0.418,0.187,,,,,,,,
T16,16,16.3,L100_Ni25_T16,25,E,0.262,0.223,0.056,0.003,0.409,0.178,,,,,,,,
T16,16,16.3,L100_Ni25_T16,25,F,0.413,0.374,0.056,0.003,0.469,0.238,,,,,,,,
T16,16,16.3,L100_Ni50_T16,50,A,0.346,0.306,,,,,,,,,2.472,4.652,2,4
T16,16,16.3,L100_Ni50_T16,50,B,0.305,0.265,,,,,,,,,2.469,4.66,3,5
T16,16,16.3,L100_Ni50_T16,50,C,0.27,0.23,,,,,,,,,2.476,4.693,0,2
T16,16,16.3,L100_Ni50_T16,50,D,0.249,0.209,0.055,0.002,0.423,0.195,,,,,,,,
T16,16,16.3,L100_Ni50_T16,50,E,0.265,0.225,0.055,0.002,0.433,0.205,,,,,,,,
T16,16,16.3,L100_Ni50_T16,50,F,0.328,0.288,0.057,0.004,0.484,0.256,,,,,,,,
T16,16,16.3,L100_Ni75_T16,75,A,0.333,0.292,,,,,,,,,3.524,4.552,5,7
T16,16,16.3,L100_Ni75_T16,75,B,0.294,0.253,,,,,,,,,3.596,4.626,2,5
T16,16,16.3,L100_Ni75_T16,75,C,0.255,0.214,,,,,,,,,3.615,4.649,1,4
T16,16,16.3,L100_Ni75_T16,75,D,0.239,0.198,0.054,0.002,0.411,0.182,,,,,,,,
T16,16,16.3,L100_Ni75_T16,75,E,0.284,0.243,0.055,0.003,0.44,0.211,,,,,,,,
T16,16,16.3,L100_Ni75_T16,75,F,0.39,0.349,0.057,0.005,0.503,0.274,,,,,,,,
T16,16,16.3,L100_Ni125_T16,125,A,0.227,0.185,,,,,,,,,6.227,4.69,4,5
T16,16,16.3,L100_Ni125_T16,125,B,0.195,0.153,,,,,,,,,6.389,4.803,2,3
T16,16,16.3,L100_Ni125_T16,125,C,0.169,0.127,,,,,,,,,6.463,4.856,3,4
T16,16,16.3,L100_Ni125_T16,125,D,0.191,0.149,0.054,0.002,0.35,0.122,,,,,,,,
T16,16,16.3,L100_Ni125_T16,125,E,0.192,0.15,0.053,0.001,0.366,0.138,,,,,,,,
T16,16,16.3,L100_Ni125_T16,125,F,0.234,0.192,0.054,0.002,0.413,0.185,,,,,,,,
T16,16,16.3,L100_Ni250_T16,250,A,0.06,0.017,,,,,,,,,12.863,4.796,-2,-2
T16,16,16.3,L100_Ni250_T16,250,B,0.056,0.013,,,,,,,,,12.88,4.823,-4,-4
T16,16,16.3,L100_Ni250_T16,250,C,0.056,0.013,,,,,,,,,12.885,4.835,2,2
T16,16,16.3,L100_Ni250_T16,250,D,0.055,0.012,0.052,-0.001,0.241,0.015,,,,,,,,
T16,16,16.3,L100_Ni250_T16,250,E,0.058,0.015,0.053,0,0.245,0.019,,,,,,,,
T16,16,16.3,L100_Ni250_T16,250,F,0.066,0.023,0.053,0,0.246,0.02,,,,,,,,
T18,18,18.4,L100_Ni0_T18,0,A,0.369,0.332,,,,,,,,,,,,
T18,18,18.4,L100_Ni0_T18,0,B,0.321,0.284,,,,,,,,,,,,
T18,18,18.4,L100_Ni0_T18,0,C,0.32,0.283,,,,,,,,,,,,
T18,18,18.4,L100_Ni0_T18,0,D,0.34,0.303,,,,,,,,,,,,
T18,18,18.4,L100_Ni0_T18,0,E,0.34,0.303,,,,,,,,,,,,
T18,18,18.4,L100_Ni0_T18,0,F,0.436,0.399,,,,,,,,,,,,
T18,18,18.4,L100_Ni5_T18,5,A,0.348,0.311,,,,,,,,,,,,
T18,18,18.4,L100_Ni5_T18,5,B,0.311,0.274,,,,,,,,,,,,
T18,18,18.4,L100_Ni5_T18,5,C,0.309,0.272,,,,,,,,,,,,
T18,18,18.4,L100_Ni5_T18,5,D,0.315,0.278,,,,,,,,,,,,
T18,18,18.4,L100_Ni5_T18,5,E,0.332,0.295,,,,,,,,,,,,
T18,18,18.4,L100_Ni5_T18,5,F,0.39,0.353,,,,,,,,,,,,
T18,18,18.4,L100_Ni10_T18,10,A,0.315,0.277,,,,,,,,,,,,
T18,18,18.4,L100_Ni10_T18,10,B,0.308,0.27,,,,,,,,,,,,
T18,18,18.4,L100_Ni10_T18,10,C,0.299,0.261,,,,,,,,,,,,
T18,18,18.4,L100_Ni10_T18,10,D,0.299,0.261,,,,,,,,,,,,
T18,18,18.4,L100_Ni10_T18,10,E,0.309,0.271,,,,,,,,,,,,
T18,18,18.4,L100_Ni10_T18,10,F,0.391,0.353,,,,,,,,,,,,
T18,18,18.4,L100_Ni25_T18,25,A,0.335,0.296,,,,,,,,,,,,
T18,18,18.4,L100_Ni25_T18,25,B,0.315,0.276,,,,,,,,,,,,
T18,18,18.4,L100_Ni25_T18,25,C,0.293,0.254,,,,,,,,,,,,
T18,18,18.4,L100_Ni25_T18,25,D,0.271,0.232,,,,,,,,,,,,
T18,18,18.4,L100_Ni25_T18,25,E,0.303,0.264,,,,,,,,,,,,
T18,18,18.4,L100_Ni25_T18,25,F,0.383,0.344,,,,,,,,,,,,
T18,18,18.4,L100_Ni50_T18,50,A,0.366,0.326,,,,,,,,,,,,
T18,18,18.4,L100_Ni50_T18,50,B,0.332,0.292,,,,,,,,,,,,
T18,18,18.4,L100_Ni50_T18,50,C,0.301,0.261,,,,,,,,,,,,
T18,18,18.4,L100_Ni50_T18,50,D,0.294,0.254,,,,,,,,,,,,
T18,18,18.4,L100_Ni50_T18,50,E,0.33,0.29,,,,,,,,,,,,
T18,18,18.4,L100_Ni50_T18,50,F,0.381,0.341,,,,,,,,,,,,
T18,18,18.4,L100_Ni75_T18,75,A,0.349,0.308,,,,,,,,,,,,
T18,18,18.4,L100_Ni75_T18,75,B,0.324,0.283,,,,,,,,,,,,
T18,18,18.4,L100_Ni75_T18,75,C,0.287,0.246,,,,,,,,,,,,
T18,18,18.4,L100_Ni75_T18,75,D,0.295,0.254,,,,,,,,,,,,
T18,18,18.4,L100_Ni75_T18,75,E,0.313,0.272,,,,,,,,,,,,
T18,18,18.4,L100_Ni75_T18,75,F,0.367,0.326,,,,,,,,,,,,
T18,18,18.4,L100_Ni125_T18,125,A,0.251,0.209,,,,,,,,,,,,
T18,18,18.4,L100_Ni125_T18,125,B,0.225,0.183,,,,,,,,,,,,
T18,18,18.4,L100_Ni125_T18,125,C,0.206,0.164,,,,,,,,,,,,
T18,18,18.4,L100_Ni125_T18,125,D,0.225,0.183,,,,,,,,,,,,
T18,18,18.4,L100_Ni125_T18,125,E,0.23,0.188,,,,,,,,,,,,
T18,18,18.4,L100_Ni125_T18,125,F,0.257,0.215,,,,,,,,,,,,
T18,18,18.4,L100_Ni250_T18,250,A,0.067,0.024,,,,,,,,,,,,
T18,18,18.4,L100_Ni250_T18,250,B,0.061,0.018,,,,,,,,,,,,
T18,18,18.4,L100_Ni250_T18,250,C,0.059,0.016,,,,,,,,,,,,
T18,18,18.4,L100_Ni250_T18,250,D,0.058,0.015,,,,,,,,,,,,
T18,18,18.4,L100_Ni250_T18,250,E,0.06,0.017,,,,,,,,,,,,
T18,18,18.4,L100_Ni250_T18,250,F,0.072,0.029,,,,,,,,,,,,
T20,20,20.5,L100_Ni0_T20,0,A,0.412,0.375,,,,,,,,,0.056,4.723,35,-1
T20,20,20.5,L100_Ni0_T20,0,B,0.371,0.334,,,,,,,,,0.054,4.694,16,7
T20,20,20.5,L100_Ni0_T20,0,C,0.353,0.316,,,,,,,,,0.053,4.368,18,14
T20,20,20.5,L100_Ni0_T20,0,D,0.352,0.315,0.056,0.001,0.446,0.218,,,,,,,,
T20,20,20.5,L100_Ni0_T20,0,E,0.357,0.32,0.056,0.001,0.469,0.241,,,,,,,,
T20,20,20.5,L100_Ni0_T20,0,F,0.414,0.377,0.057,0.002,0.474,0.246,,,,,,,,
T20,20,20.5,L100_Ni5_T20,5,A,0.389,0.352,,,,,,,,,0.302,4.62,2,7
T20,20,20.5,L100_Ni5_T20,5,B,0.345,0.308,,,,,,,,,0.29,4.538,5,6
T20,20,20.5,L100_Ni5_T20,5,C,0.318,0.281,,,,,,,,,0.298,4.702,1,0
T20,20,20.5,L100_Ni5_T20,5,D,0.324,0.287,0.054,0.002,0.477,0.247,,,,,,,,
T20,20,20.5,L100_Ni5_T20,5,E,0.352,0.315,0.054,0.002,0.45,0.22,,,,,,,,
T20,20,20.5,L100_Ni5_T20,5,F,0.398,0.361,0.056,0.004,0.469,0.239,,,,,,,,
T20,20,20.5,L100_Ni10_T20,10,A,0.366,0.328,,,,,,,,,0.587,4.643,1,6
T20,20,20.5,L100_Ni10_T20,10,B,0.301,0.263,,,,,,,,,0.553,4.692,5,2
T20,20,20.5,L100_Ni10_T20,10,C,0.29,0.252,,,,,,,,,0.56,4.691,2,5
T20,20,20.5,L100_Ni10_T20,10,D,0.304,0.266,0.054,0.001,0.445,0.218,,,,,,,,
T20,20,20.5,L100_Ni10_T20,10,E,0.321,0.283,0.056,0.003,0.457,0.23,,,,,,,,
T20,20,20.5,L100_Ni10_T20,10,F,0.39,0.352,0.057,0.004,0.455,0.228,,,,,,,,
T20,20,20.5,L100_Ni25_T20,25,A,0.361,0.322,,,,,,,,,1.338,4.604,5,8
T20,20,20.5,L100_Ni25_T20,25,B,0.292,0.253,,,,,,,,,1.32,4.646,4,5
T20,20,20.5,L100_Ni25_T20,25,C,0.275,0.236,,,,,,,,,1.331,4.544,3,8
T20,20,20.5,L100_Ni25_T20,25,D,0.256,0.217,0.053,0,0.44,0.209,,,,,,,,
T20,20,20.5,L100_Ni25_T20,25,E,0.289,0.25,0.054,0.001,0.451,0.22,,,,,,,,
T20,20,20.5,L100_Ni25_T20,25,F,0.374,0.335,0.054,0.001,0.47,0.239,,,,,,,,
T20,20,20.5,L100_Ni50_T20,50,A,0.385,0.345,,,,,,,,,2.469,4.664,2,4
T20,20,20.5,L100_Ni50_T20,50,B,0.323,0.283,,,,,,,,,2.443,4.659,4,5
T20,20,20.5,L100_Ni50_T20,50,C,0.325,0.285,,,,,,,,,2.443,4.633,1,3
T20,20,20.5,L100_Ni50_T20,50,D,0.3,0.26,0.054,0.001,0.449,0.221,,,,,,,,
T20,20,20.5,L100_Ni50_T20,50,E,0.312,0.272,0.054,0.001,0.463,0.235,,,,,,,,
T20,20,20.5,L100_Ni50_T20,50,F,0.394,0.354,0.057,0.004,0.478,0.25,,,,,,,,
T20,20,20.5,L100_Ni75_T20,75,A,0.375,0.334,,,,,,,,,3.599,4.684,3,4
T20,20,20.5,L100_Ni75_T20,75,B,0.336,0.295,,,,,,,,,3.529,4.611,4,5
T20,20,20.5,L100_Ni75_T20,75,C,0.287,0.246,,,,,,,,,3.55,4.651,3,4
T20,20,20.5,L100_Ni75_T20,75,D,0.297,0.256,0.057,0.005,0.469,0.24,,,,,,,,
T20,20,20.5,L100_Ni75_T20,75,E,0.309,0.268,0.055,0.003,0.476,0.247,,,,,,,,
T20,20,20.5,L100_Ni75_T20,75,F,0.403,0.362,0.055,0.003,0.519,0.29,,,,,,,,
T20,20,20.5,L100_Ni125_T20,125,A,0.25,0.208,,,,,,,,,6.426,4.823,1,2
T20,20,20.5,L100_Ni125_T20,125,B,0.23,0.188,,,,,,,,,6.089,4.607,6,7
T20,20,20.5,L100_Ni125_T20,125,C,0.218,0.176,,,,,,,,,6.367,4.817,4,4
T20,20,20.5,L100_Ni125_T20,125,D,0.222,0.18,0.056,0.004,0.4,0.172,,,,,,,,
T20,20,20.5,L100_Ni125_T20,125,E,0.216,0.174,0.053,0.001,0.406,0.178,,,,,,,,
T20,20,20.5,L100_Ni125_T20,125,F,0.25,0.208,0.054,0.002,0.441,0.213,,,,,,,,
T20,20,20.5,L100_Ni250_T20,250,A,0.076,0.033,,,,,,,,,12.921,4.839,-2,-3
T20,20,20.5,L100_Ni250_T20,250,B,0.069,0.026,,,,,,,,,12.319,4.667,0,-1
T20,20,20.5,L100_Ni250_T20,250,C,0.068,0.025,,,,,,,,,12.492,4.705,5,5
T20,20,20.5,L100_Ni250_T20,250,D,0.069,0.026,0.053,0,0.242,0.016,,,,,,,,
T20,20,20.5,L100_Ni250_T20,250,E,0.071,0.028,0.052,-0.001,0.245,0.019,,,,,,,,
T20,20,20.5,L100_Ni250_T20,250,F,0.081,0.038,0.058,0.005,0.242,0.016,,,,,,,,
T22,22,22.3,L100_Ni0_T22,0,A,0.39,0.353,,,,,,,,,,,,
T22,22,22.3,L100_Ni0_T22,0,B,0.357,0.32,,,,,,,,,,,,
T22,22,22.3,L100_Ni0_T22,0,C,0.366,0.329,,,,,,,,,,,,
T22,22,22.3,L100_Ni0_T22,0,D,0.376,0.339,,,,,,,,,,,,
T22,22,22.3,L100_Ni0_T22,0,E,0.377,0.34,,,,,,,,,,,,
T22,22,22.3,L100_Ni0_T22,0,F,0.364,0.327,,,,,,,,,,,,
T22,22,22.3,L100_Ni5_T22,5,A,0.387,0.35,,,,,,,,,,,,
T22,22,22.3,L100_Ni5_T22,5,B,0.34,0.303,,,,,,,,,,,,
T22,22,22.3,L100_Ni5_T22,5,C,0.329,0.292,,,,,,,,,,,,
T22,22,22.3,L100_Ni5_T22,5,D,0.337,0.3,,,,,,,,,,,,
T22,22,22.3,L100_Ni5_T22,5,E,0.354,0.317,,,,,,,,,,,,
T22,22,22.3,L100_Ni5_T22,5,F,0.353,0.316,,,,,,,,,,,,
T22,22,22.3,L100_Ni10_T22,10,A,0.382,0.344,,,,,,,,,,,,
T22,22,22.3,L100_Ni10_T22,10,B,0.315,0.277,,,,,,,,,,,,
T22,22,22.3,L100_Ni10_T22,10,C,0.313,0.275,,,,,,,,,,,,
T22,22,22.3,L100_Ni10_T22,10,D,0.312,0.274,,,,,,,,,,,,
T22,22,22.3,L100_Ni10_T22,10,E,0.339,0.301,,,,,,,,,,,,
T22,22,22.3,L100_Ni10_T22,10,F,0.346,0.308,,,,,,,,,,,,
T22,22,22.3,L100_Ni25_T22,25,A,0.377,0.338,,,,,,,,,,,,
T22,22,22.3,L100_Ni25_T22,25,B,0.313,0.274,,,,,,,,,,,,
T22,22,22.3,L100_Ni25_T22,25,C,0.32,0.281,,,,,,,,,,,,
T22,22,22.3,L100_Ni25_T22,25,D,0.317,0.278,,,,,,,,,,,,
T22,22,22.3,L100_Ni25_T22,25,E,0.337,0.298,,,,,,,,,,,,
T22,22,22.3,L100_Ni25_T22,25,F,0.387,0.348,,,,,,,,,,,,
T22,22,22.3,L100_Ni50_T22,50,A,0.407,0.367,,,,,,,,,,,,
T22,22,22.3,L100_Ni50_T22,50,B,0.349,0.309,,,,,,,,,,,,
T22,22,22.3,L100_Ni50_T22,50,C,0.342,0.302,,,,,,,,,,,,
T22,22,22.3,L100_Ni50_T22,50,D,0.345,0.305,,,,,,,,,,,,
T22,22,22.3,L100_Ni50_T22,50,E,0.34,0.3,,,,,,,,,,,,
T22,22,22.3,L100_Ni50_T22,50,F,0.365,0.325,,,,,,,,,,,,
T22,22,22.3,L100_Ni75_T22,75,A,0.393,0.352,,,,,,,,,,,,
T22,22,22.3,L100_Ni75_T22,75,B,0.374,0.333,,,,,,,,,,,,
T22,22,22.3,L100_Ni75_T22,75,C,0.325,0.284,,,,,,,,,,,,
T22,22,22.3,L100_Ni75_T22,75,D,0.325,0.284,,,,,,,,,,,,
T22,22,22.3,L100_Ni75_T22,75,E,0.333,0.292,,,,,,,,,,,,
T22,22,22.3,L100_Ni75_T22,75,F,0.392,0.351,,,,,,,,,,,,
T22,22,22.3,L100_Ni125_T22,125,A,0.284,0.242,,,,,,,,,,,,
T22,22,22.3,L100_Ni125_T22,125,B,0.259,0.217,,,,,,,,,,,,
T22,22,22.3,L100_Ni125_T22,125,C,0.245,0.203,,,,,,,,,,,,
T22,22,22.3,L100_Ni125_T22,125,D,0.254,0.212,,,,,,,,,,,,
T22,22,22.3,L100_Ni125_T22,125,E,0.252,0.21,,,,,,,,,,,,
T22,22,22.3,L100_Ni125_T22,125,F,0.291,0.249,,,,,,,,,,,,
T22,22,22.3,L100_Ni250_T22,250,A,0.083,0.04,,,,,,,,,,,,
T22,22,22.3,L100_Ni250_T22,250,B,0.075,0.032,,,,,,,,,,,,
T22,22,22.3,L100_Ni250_T22,250,C,0.073,0.03,,,,,,,,,,,,
T22,22,22.3,L100_Ni250_T22,250,D,0.073,0.03,,,,,,,,,,,,
T22,22,22.3,L100_Ni250_T22,250,E,0.074,0.031,,,,,,,,,,,,
T22,22,22.3,L100_Ni250_T22,250,F,0.081,0.038,,,,,,,,,,,,
T24,24,24.7,L100_Ni0_T24,0,A,0.403,0.366,,,,,,,,,,,,
T24,24,24.7,L100_Ni0_T24,0,B,0.416,0.379,,,,,,,,,,,,
T24,24,24.7,L100_Ni0_T24,0,C,0.358,0.321,,,,,,,,,,,,
T24,24,24.7,L100_Ni0_T24,0,D,0.387,0.35,,,,,,,,,,,,
T24,24,24.7,L100_Ni0_T24,0,E,0.407,0.37,,,,,,,,,,,,
T24,24,24.7,L100_Ni0_T24,0,F,0.428,0.391,,,,,,,,,,,,
T24,24,24.7,L100_Ni5_T24,5,A,0.428,0.391,,,,,,,,,,,,
T24,24,24.7,L100_Ni5_T24,5,B,0.386,0.349,,,,,,,,,,,,
T24,24,24.7,L100_Ni5_T24,5,C,0.346,0.309,,,,,,,,,,,,
T24,24,24.7,L100_Ni5_T24,5,D,0.355,0.318,,,,,,,,,,,,
T24,24,24.7,L100_Ni5_T24,5,E,0.396,0.359,,,,,,,,,,,,
T24,24,24.7,L100_Ni5_T24,5,F,0.426,0.389,,,,,,,,,,,,
T24,24,24.7,L100_Ni10_T24,10,A,0.431,0.393,,,,,,,,,,,,
T24,24,24.7,L100_Ni10_T24,10,B,0.38,0.342,,,,,,,,,,,,
T24,24,24.7,L100_Ni10_T24,10,C,0.351,0.313,,,,,,,,,,,,
T24,24,24.7,L100_Ni10_T24,10,D,0.322,0.284,,,,,,,,,,,,
T24,24,24.7,L100_Ni10_T24,10,E,0.4,0.362,,,,,,,,,,,,
T24,24,24.7,L100_Ni10_T24,10,F,0.439,0.401,,,,,,,,,,,,
T24,24,24.7,L100_Ni25_T24,25,A,0.425,0.386,,,,,,,,,,,,
T24,24,24.7,L100_Ni25_T24,25,B,0.376,0.337,,,,,,,,,,,,
T24,24,24.7,L100_Ni25_T24,25,C,0.403,0.364,,,,,,,,,,,,
T24,24,24.7,L100_Ni25_T24,25,D,0.355,0.316,,,,,,,,,,,,
T24,24,24.7,L100_Ni25_T24,25,E,0.396,0.357,,,,,,,,,,,,
T24,24,24.7,L100_Ni25_T24,25,F,0.424,0.385,,,,,,,,,,,,
T24,24,24.7,L100_Ni50_T24,50,A,0.437,0.397,,,,,,,,,,,,
T24,24,24.7,L100_Ni50_T24,50,B,0.406,0.366,,,,,,,,,,,,
T24,24,24.7,L100_Ni50_T24,50,C,0.409,0.369,,,,,,,,,,,,
T24,24,24.7,L100_Ni50_T24,50,D,0.371,0.331,,,,,,,,,,,,
T24,24,24.7,L100_Ni50_T24,50,E,0.413,0.373,,,,,,,,,,,,
T24,24,24.7,L100_Ni50_T24,50,F,0.432,0.392,,,,,,,,,,,,
T24,24,24.7,L100_Ni75_T24,75,A,0.421,0.38,,,,,,,,,,,,
T24,24,24.7,L100_Ni75_T24,75,B,0.412,0.371,,,,,,,,,,,,
T24,24,24.7,L100_Ni75_T24,75,C,0.406,0.365,,,,,,,,,,,,
T24,24,24.7,L100_Ni75_T24,75,D,0.406,0.365,,,,,,,,,,,,
T24,24,24.7,L100_Ni75_T24,75,E,0.408,0.367,,,,,,,,,,,,
T24,24,24.7,L100_Ni75_T24,75,F,0.377,0.336,,,,,,,,,,,,
T24,24,24.7,L100_Ni125_T24,125,A,0.312,0.27,,,,,,,,,,,,
T24,24,24.7,L100_Ni125_T24,125,B,0.305,0.263,,,,,,,,,,,,
T24,24,24.7,L100_Ni125_T24,125,C,0.301,0.259,,,,,,,,,,,,
T24,24,24.7,L100_Ni125_T24,125,D,0.303,0.261,,,,,,,,,,,,
T24,24,24.7,L100_Ni125_T24,125,E,0.287,0.245,,,,,,,,,,,,
T24,24,24.7,L100_Ni125_T24,125,F,0.294,0.252,,,,,,,,,,,,
T24,24,24.7,L100_Ni250_T24,250,A,0.097,0.054,,,,,,,,,,,,
T24,24,24.7,L100_Ni250_T24,250,B,0.087,0.044,,,,,,,,,,,,
T24,24,24.7,L100_Ni250_T24,250,C,0.084,0.041,,,,,,,,,,,,
T24,24,24.7,L100_Ni250_T24,250,D,0.08,0.037,,,,,,,,,,,,
T24,24,24.7,L100_Ni250_T24,250,E,0.083,0.04,,,,,,,,,,,,
T24,24,24.7,L100_Ni250_T24,250,F,0.091,0.048,,,,,,,,,,,,
T30,30,29.7,L100_Ni0_T30,0,A,0.348,0.311,,,,,,,,,0.049,2.074,43,55
T30,30,29.7,L100_Ni0_T30,0,B,0.495,0.458,,,,,,,,,0.047,2.288,27,55
T30,30,29.7,L100_Ni0_T30,0,C,0.493,0.456,,,,,,,,,0.047,2.465,27,51
T30,30,29.7,L100_Ni0_T30,0,D,0.527,0.49,1.118,1.063,0.508,0.28,85,850000000,8.9,Y,,,,
T30,30,29.7,L100_Ni0_T30,0,E,0.441,0.404,1.12,1.065,0.526,0.298,109,1090000000,9.0,Y,,,,
T30,30,29.7,L100_Ni0_T30,0,F,0.573,0.536,1.311,1.256,0.481,0.253,127,1270000000,9.1,Y,,,,
T30,30,29.7,L100_Ni5_T30,5,A,0.403,0.366,,,,,,,,,0.279,3.639,10,26
T30,30,29.7,L100_Ni5_T30,5,B,0.427,0.39,,,,,,,,,0.285,3.449,7,29
T30,30,29.7,L100_Ni5_T30,5,C,0.41,0.373,,,,,,,,,0.282,3.51,6,25
T30,30,29.7,L100_Ni5_T30,5,D,0.46,0.423,0.458,0.406,0.511,0.281,95,950000000,9.0,Y,,,,
T30,30,29.7,L100_Ni5_T30,5,E,0.495,0.458,0.38,0.328,0.493,0.263,89,890000000,8.9,Y,,,,
T30,30,29.7,L100_Ni5_T30,5,F,0.533,0.496,0.438,0.386,0.515,0.285,144,1440000000,9.2,Y,,,,
T30,30,29.7,L100_Ni10_T30,10,A,0.432,0.394,,,,,,,,,0.555,4.13,6,17
T30,30,29.7,L100_Ni10_T30,10,B,0.408,0.37,,,,,,,,,0.551,4.041,5,15
T30,30,29.7,L100_Ni10_T30,10,C,0.459,0.421,,,,,,,,,0.542,4.165,6,15
T30,30,29.7,L100_Ni10_T30,10,D,0.468,0.43,0.26,0.207,0.514,0.287,72,720000000,8.9,Y,,,,
T30,30,29.7,L100_Ni10_T30,10,E,0.48,0.442,0.225,0.172,0.505,0.278,78,780000000,8.9,Y,,,,
T30,30,29.7,L100_Ni10_T30,10,F,0.503,0.465,0.208,0.155,0.514,0.287,133,1330000000,9.1,Y,,,,
T30,30,29.7,L100_Ni25_T30,25,A,0.409,0.37,,,,,,,,,1.326,4.496,6,10
T30,30,29.7,L100_Ni25_T30,25,B,0.421,0.382,,,,,,,,,1.303,4.443,5,9
T30,30,29.7,L100_Ni25_T30,25,C,0.455,0.416,,,,,,,,,1.249,4.296,9,13
T30,30,29.7,L100_Ni25_T30,25,D,0.465,0.426,0.079,0.026,0.512,0.281,100,1000000000,9.0,Y,,,,
T30,30,29.7,L100_Ni25_T30,25,E,0.461,0.422,0.076,0.023,0.491,0.26,76,760000000,8.9,Y,,,,
T30,30,29.7,L100_Ni25_T30,25,F,0.518,0.479,0.064,0.011,0.515,0.284,129,1290000000,9.1,Y,,,,
T30,30,29.7,L100_Ni50_T30,50,A,0.392,0.352,,,,,,,,,2.31,4.396,8,9
T30,30,29.7,L100_Ni50_T30,50,B,0.43,0.39,,,,,,,,,2.382,4.537,7,8
T30,30,29.7,L100_Ni50_T30,50,C,0.472,0.432,,,,,,,,,2.277,4.323,8,10
T30,30,29.7,L100_Ni50_T30,50,D,0.457,0.417,0.053,0,0.551,0.323,100,1000000000,9.0,Y,,,,
T30,30,29.7,L100_Ni50_T30,50,E,0.446,0.406,0.053,0,0.531,0.303,101,1010000000,9.0,Y,,,,
T30,30,29.7,L100_Ni50_T30,50,F,0.504,0.464,0.059,0.006,0.562,0.334,186,1860000000,9.3,Y,,,,
T30,30,29.7,L100_Ni75_T30,75,A,0.392,0.351,,,,,,,,,3.513,4.512,5,8
T30,30,29.7,L100_Ni75_T30,75,B,0.43,0.389,,,,,,,,,3.429,4.456,7,8
T30,30,29.7,L100_Ni75_T30,75,C,0.434,0.393,,,,,,,,,3.411,4.399,6,10
T30,30,29.7,L100_Ni75_T30,75,D,0.438,0.397,0.055,0.003,0.56,0.331,,0,,Y,,,,
T30,30,29.7,L100_Ni75_T30,75,E,0.439,0.398,0.054,0.002,0.535,0.306,96,960000000,9.0,Y,,,,
T30,30,29.7,L100_Ni75_T30,75,F,0.463,0.422,0.055,0.003,0.608,0.379,94,940000000,9.0,Y,,,,
T30,30,29.7,L100_Ni125_T30,125,A,0.334,0.292,,,,,,,,,6.19,4.591,4,7
T30,30,29.7,L100_Ni125_T30,125,B,0.302,0.26,,,,,,,,,6.281,4.696,4,5
T30,30,29.7,L100_Ni125_T30,125,C,0.316,0.274,,,,,,,,,6.322,4.711,5,7
T30,30,29.7,L100_Ni125_T30,125,D,0.333,0.291,0.054,0.002,0.517,0.289,36,360000000,8.6,N,,,,
T30,30,29.7,L100_Ni125_T30,125,E,0.319,0.277,0.053,0.001,0.542,0.314,43,430000000,8.6,N,,,,
T30,30,29.7,L100_Ni125_T30,125,F,0.329,0.287,0.061,0.009,0.532,0.304,37,370000000,8.6,N,,,,
T30,30,29.7,L100_Ni250_T30,250,A,0.114,0.071,,,,,,,,,12.204,4.555,3,3
T30,30,29.7,L100_Ni250_T30,250,B,0.108,0.065,,,,,,,,,12.35,4.607,0,0
T30,30,29.7,L100_Ni250_T30,250,C,0.105,0.062,,,,,,,,,12.444,4.658,5,6
T30,30,29.7,L100_Ni250_T30,250,D,0.105,0.062,0.053,0,0.273,0.047,0,0,,N,,,,
T30,30,29.7,L100_Ni250_T30,250,E,0.106,0.063,0.053,0,0.269,0.043,0,0,,N,,,,
T30,30,29.7,L100_Ni250_T30,250,F,0.109,0.066,0.054,0.001,0.277,0.051,0,0,,N,,,,
T32,32,29.7,L100_Ni0_T32,0,D,,,1.373,1.318,,,,,,,,,,
T32,32,29.7,L100_Ni0_T32,0,E,,,1.33,1.275,,,,,,,,,,
T32,32,29.7,L100_Ni0_T32,0,F,,,1.486,1.431,,,,,,,,,,
T32,32,29.7,L100_Ni5_T32,5,D,,,0.882,0.83,,,,,,,,,,
T32,32,29.7,L100_Ni5_T32,5,E,,,0.845,0.793,,,,,,,,,,
T32,32,29.7,L100_Ni5_T32,5,F,,,1.072,1.02,,,,,,,,,,
T32,32,29.7,L100_Ni10_T32,10,D,,,0.527,0.474,,,,,,,,,,
T32,32,29.7,L100_Ni10_T32,10,E,,,0.603,0.55,,,,,,,,,,
T32,32,29.7,L100_Ni10_T32,10,F,,,0.609,0.556,,,,,,,,,,
T32,32,29.7,L100_Ni25_T32,25,D,,,0.144,0.091,,,,,,,,,,
T32,32,29.7,L100_Ni25_T32,25,E,,,0.175,0.122,,,,,,,,,,
T32,32,29.7,L100_Ni25_T32,25,F,,,0.194,0.141,,,,,,,,,,
T32,32,29.7,L100_Ni50_T32,50,D,,,0.054,0.001,,,,,,,,,,
T32,32,29.7,L100_Ni50_T32,50,E,,,0.055,0.002,,,,,,,,,,
T32,32,29.7,L100_Ni50_T32,50,F,,,0.058,0.005,,,,,,,,,,
T32,32,29.7,L100_Ni75_T32,75,D,,,0.055,0.003,,,,,,,,,,
T32,32,29.7,L100_Ni75_T32,75,E,,,0.056,0.004,,,,,,,,,,
T32,32,29.7,L100_Ni75_T32,75,F,,,0.054,0.002,,,,,,,,,,
T32,32,29.7,L100_Ni125_T32,125,D,,,0.055,0.003,,,,,,,,,,
T32,32,29.7,L100_Ni125_T32,125,E,,,0.055,0.003,,,,,,,,,,
T32,32,29.7,L100_Ni125_T32,125,F,,,0.054,0.002,,,,,,,,,,
T32,32,29.7,L100_Ni250_T32,250,D,,,0.056,0.003,,,,,,,,,,
T32,32,29.7,L100_Ni250_T32,250,E,,,0.054,0.001,,,,,,,,,,
T32,32,29.7,L100_Ni250_T32,250,F,,,0.053,0,,,,,,,,,,